pair_id,pair_key,state_a,state_b,seat,pair_kind,stage_group,kyoku_ordinal_a,kyoku_ordinal_b,score_diff,grp_value_a,grp_value_b,mc_value_a,mc_value_b,mc_se_a,mc_se_b,delta_grp,delta_mc,delta_mc_se,n_a,n_b
g20260818_ky01|g20260836_ky01|s0,g20260818_ky01|g20260836_ky01,g20260818_ky01,g20260836_ky01,0,hard,early,1,1,0,-0.6398434937000275,-0.5313806533813477,-1.5520833333333333,-0.20833333333333334,0.5330861315944837,0.5508517784229614,-0.10846284031867981,-1.34375,0.7665627863978988,192,192
g20260818_ky01|g20260844_ky00|s0,g20260818_ky01|g20260844_ky00,g20260818_ky01,g20260844_ky00,0,hard,early,1,0,1000,-0.6398434937000275,-0.263979971408844,-1.5520833333333333,1.03125,0.5330861315944837,0.5522397206801216,-0.37586352229118347,-2.583333333333333,0.7675607681449267,192,192
g20260836_ky01|g20260844_ky00|s0,g20260836_ky01|g20260844_ky00,g20260836_ky01,g20260844_ky00,0,hard,early,1,0,1000,-0.5313806533813477,-0.263979971408844,-0.20833333333333334,1.03125,0.5508517784229614,0.5522397206801216,-0.26740068197250366,-1.2395833333333333,0.780004096712702,192,192
g20260821_ky00|g20260828_ky00|s0,g20260821_ky00|g20260828_ky00,g20260821_ky00,g20260828_ky00,0,hard,early,0,0,1500,0.7235654890537262,1.021658331155777,0.7604166666666666,1.875,0.5291713688966712,0.5254485742567789,-0.2980928421020508,-1.1145833333333335,0.7457335595562657,192,192
g20260821_ky00|g20260844_ky00|s0,g20260821_ky00|g20260844_ky00,g20260821_ky00,g20260844_ky00,0,hard,early,0,0,1500,0.7235654890537262,-0.263979971408844,0.7604166666666666,1.03125,0.5291713688966712,0.5522397206801216,0.9875454604625702,-0.27083333333333337,0.7648470740983687,192,192
g20260821_ky01|g20260828_ky00|s0,g20260821_ky01|g20260828_ky00,g20260821_ky01,g20260828_ky00,0,hard,early,1,0,1500,0.5603632032871246,1.021658331155777,1.2604166666666667,1.875,0.515334740124319,0.5254485742567789,-0.46129512786865234,-0.6145833333333333,0.7359796862464896,192,192
g20260821_ky01|g20260844_ky00|s0,g20260821_ky01|g20260844_ky00,g20260821_ky01,g20260844_ky00,0,hard,early,1,0,1500,0.5603632032871246,-0.263979971408844,1.2604166666666667,1.03125,0.515334740124319,0.5522397206801216,0.8243431746959686,0.22916666666666674,0.7553400581697347,192,192
g20260818_ky01|g20260833_ky01|s0,g20260818_ky01|g20260833_ky01,g20260818_ky01,g20260833_ky01,0,hard,early,1,1,2000,-0.6398434937000275,-1.6277239322662354,-1.5520833333333333,-1.59375,0.5330861315944837,0.5237673684158621,0.9878804385662079,0.04166666666666674,0.7473373267244509,192,192
g20260815_ky01|g20260824_ky00|s0,g20260815_ky01|g20260824_ky00,g20260815_ky01,g20260824_ky00,0,easy,early,1,0,52400,-6.276811592280865,9.836822896788362,-6.390625,9.90625,0.4721884225317595,0.09375,-16.113634489069227,-16.296875,0.48140520237429035,128,64
g20260815_ky01|g20260824_ky01|s0,g20260815_ky01|g20260824_ky01,g20260815_ky01,g20260824_ky01,0,easy,early,1,1,51400,-6.276811592280865,9.825449111114722,-6.390625,9.8125,0.4721884225317595,0.13152607020228782,-16.102260703395586,-16.203125,0.49016427197000867,128,64
g20260836_ky04|g20260838_ky04|s0,g20260836_ky04|g20260838_ky04,g20260836_ky04,g20260838_ky04,0,hard,middle,4,4,600,1.0290772914886475,1.3078380078077316,1.6041666666666667,2.28125,0.5386946084572587,0.6118636719492186,-0.27876071631908417,-0.6770833333333333,0.8152110366230945,192,128
g20260811_ky03|g20260833_ky03|s0,g20260811_ky03|g20260833_ky03,g20260811_ky03,g20260833_ky03,0,hard,middle,3,3,800,-0.04380302131175995,-0.8056134581565857,0.484375,-0.6145833333333334,0.5332202781538309,0.555480959124325,0.7618104368448257,1.0989583333333335,0.769988935624486,128,192
g20260811_ky03|g20260844_ky02|s0,g20260811_ky03|g20260844_ky02,g20260811_ky03,g20260844_ky02,0,hard,middle,3,2,800,-0.04380302131175995,0.34281057119369507,0.484375,0.5729166666666666,0.5332202781538309,0.5515768281444033,-0.386613592505455,-0.08854166666666663,0.7671772040280456,128,192
g20260837_ky03|g20260839_ky04|s0,g20260837_ky03|g20260839_ky04,g20260837_ky03,g20260839_ky04,0,hard,middle,3,4,800,3.7060401290655136,3.5605579912662506,3.9375,4.15625,0.5510090511139075,0.5285218276878635,0.145482137799263,-0.21875,0.7635091988653236,128,128
g20260837_ky02|g20260839_ky04|s0,g20260837_ky02|g20260839_ky04,g20260837_ky02,g20260839_ky04,0,hard,middle,2,4,1300,3.730022981762886,3.5605579912662506,5.203125,4.15625,0.5480548296782553,0.5285218276878635,0.16946499049663544,1.046875,0.7613799437049685,128,128
g20260818_ky03|g20260833_ky03|s0,g20260818_ky03|g20260833_ky03,g20260818_ky03,g20260833_ky03,0,hard,middle,3,3,1600,-1.5633491575717926,-0.8056134581565857,-2.03125,-0.6145833333333334,0.5478952098031127,0.555480959124325,-0.7577356994152069,-1.4166666666666665,0.7802232096489292,128,192
g20260833_ky03|g20260844_ky02|s0,g20260833_ky03|g20260844_ky02,g20260833_ky03,g20260844_ky02,0,hard,middle,3,2,1600,-0.8056134581565857,0.34281057119369507,-0.6145833333333334,0.5729166666666666,0.555480959124325,0.5515768281444033,-1.1484240293502808,-1.1875,0.7828129363363387,192,192
g20260836_ky04|g20260838_ky02|s0,g20260836_ky04|g20260838_ky02,g20260836_ky04,g20260838_ky02,0,hard,middle,4,2,1700,1.0290772914886475,1.8011494576931,1.6041666666666667,1.8541666666666667,0.5386946084572587,0.5170499584570436,-0.7720721662044525,-0.25,0.746681016714199,192,192
g20260812_ky02|g20260824_ky02|s0,g20260812_ky02|g20260824_ky02,g20260812_ky02,g20260824_ky02,0,easy,middle,2,2,52600,-5.565757602453232,9.909232193036587,-5.09375,10.0,0.5125681129118507,0.0,-15.474989795489819,-15.09375,0.5125681129118507,128,64
g20260812_ky02|g20260824_ky03|s0,g20260812_ky02|g20260824_ky03,g20260812_ky02,g20260824_ky03,0,easy,middle,2,3,51600,-5.565757602453232,9.917593335634592,-5.09375,9.90625,0.5125681129118507,0.06602975572976386,-15.483350938087824,-15.0,0.5168036368058452,128,128
g20260832_ky09|g20260845_ky05|s0,g20260832_ky09|g20260845_ky05,g20260832_ky09,g20260845_ky05,0,hard,late,9,5,100,-2.0371235013008118,-0.781340628862381,-1.3333333333333333,-0.4895833333333333,0.5121417006867487,0.5308434864618427,-1.2557828724384308,-0.84375,0.7376204503003423,192,192
g20260832_ky06|g20260843_ky05|s0,g20260832_ky06|g20260843_ky05,g20260832_ky06,g20260843_ky05,0,hard,late,6,5,400,0.08342376351356506,2.325912554282695,-1.4791666666666667,2.0,0.5320220538879502,0.4364357804719847,-2.24248879076913,-3.479166666666667,0.6881305517845748,192,64
g20260832_ky07|g20260843_ky05|s0,g20260832_ky07|g20260843_ky05,g20260832_ky07,g20260843_ky05,0,hard,late,7,5,400,-0.08516016602516174,2.325912554282695,-0.8958333333333334,2.0,0.5430304853845775,0.4364357804719847,-2.411072720307857,-2.8958333333333335,0.6966766097216127,192,64
g20260832_ky08|g20260843_ky05|s0,g20260832_ky08|g20260843_ky05,g20260832_ky08,g20260843_ky05,0,hard,late,8,5,400,-1.5140899866819382,2.325912554282695,-2.09375,2.0,0.4752016640912762,0.4364357804719847,-3.8400025409646332,-4.09375,0.6452075728254502,128,64
g20260815_ky07|g20260832_ky09|s0,g20260815_ky07|g20260832_ky09,g20260815_ky07,g20260832_ky09,0,hard,late,7,9,700,-2.0345009565353394,-2.0371235013008118,-2.1979166666666665,-1.3333333333333333,0.5832822021657207,0.5121417006867487,0.002622544765472412,-0.8645833333333333,0.7762134042553039,192,192
g20260832_ky06|g20260845_ky05|s0,g20260832_ky06|g20260845_ky05,g20260832_ky06,g20260845_ky05,0,hard,late,6,5,700,0.08342376351356506,-0.781340628862381,-1.4791666666666667,-0.4895833333333333,0.5320220538879502,0.5308434864618427,0.864764392375946,-0.9895833333333335,0.751559893117054,192,192
g20260832_ky07|g20260845_ky05|s0,g20260832_ky07|g20260845_ky05,g20260832_ky07,g20260845_ky05,0,hard,late,7,5,700,-0.08516016602516174,-0.781340628862381,-0.8958333333333334,-0.4895833333333333,0.5430304853845775,0.5308434864618427,0.6961804628372192,-0.40625000000000006,0.759392464524092,192,192
g20260832_ky08|g20260845_ky05|s0,g20260832_ky08|g20260845_ky05,g20260832_ky08,g20260845_ky05,0,hard,late,8,5,700,-1.5140899866819382,-0.781340628862381,-2.09375,-0.4895833333333333,0.4752016640912762,0.5308434864618427,-0.7327493578195572,-1.6041666666666667,0.7124685457436578,128,192
g20260814_ky06|g20260819_ky05|s0,g20260814_ky06|g20260819_ky05,g20260814_ky06,g20260819_ky05,0,easy,late,6,5,35400,9.585295499739004,-8.187456175684929,9.4375,-7.8125,0.2203386192723762,0.5340002340823456,17.772751675423933,17.25,0.5776723614150646,64,64
g20260814_ky06|g20260818_ky06|s0,g20260814_ky06|g20260818_ky06,g20260814_ky06,g20260818_ky06,0,easy,late,6,6,34100,9.585295499739004,-8.735426126047969,9.4375,-8.6875,0.2203386192723762,0.3125,18.320721625786973,18.125,0.38236809116721177,64,64
g20260818_ky01|g20260836_ky01|s1,g20260818_ky01|g20260836_ky01,g20260818_ky01,g20260836_ky01,1,hard,early,1,1,0,-0.6425743103027344,-0.549215704202652,0.0,0.21875,0.5551991294107271,0.552905928383266,-0.0933586061000824,-0.21875,0.7835502785015079,192,192
g20260818_ky01|g20260844_ky00|s1,g20260818_ky01|g20260844_ky00,g20260818_ky01,g20260844_ky00,1,hard,early,1,0,0,-0.6425743103027344,-0.5831973254680634,0.0,-0.19791666666666666,0.5551991294107271,0.5529470260126256,-0.05937698483467102,0.19791666666666666,0.7835792792529909,192,192
g20260836_ky01|g20260844_ky00|s1,g20260836_ky01|g20260844_ky00,g20260836_ky01,g20260844_ky00,1,hard,early,1,0,0,-0.549215704202652,-0.5831973254680634,0.21875,-0.19791666666666666,0.552905928383266,0.5529470260126256,0.03398162126541138,0.41666666666666663,0.7819561235885096,192,192
g20260824_ky01|g20260825_ky00|s1,g20260824_ky01|g20260825_ky00,g20260824_ky01,g20260825_ky00,1,hard,early,1,0,300,-0.07912952452898026,-2.3656485229730606,-0.65625,-2.28125,0.6268697231495451,0.5859805594414434,2.2865189984440804,1.625,0.8581018971223023,64,128
g20260818_ky01|g20260821_ky00|s1,g20260818_ky01|g20260821_ky00,g20260818_ky01,g20260821_ky00,1,hard,early,1,0,500,-0.6425743103027344,-0.18929344415664673,0.0,0.4479166666666667,0.5551991294107271,0.5521821094422333,-0.45328086614608765,-0.4479166666666667,0.7830396894707853,192,192
g20260818_ky01|g20260821_ky01|s1,g20260818_ky01|g20260821_ky01,g20260818_ky01,g20260821_ky01,1,hard,early,1,1,500,-0.6425743103027344,-0.5588110685348511,0.0,-0.125,0.5551991294107271,0.5166564627715018,-0.0837632417678833,0.125,0.7584062063445879,192,192
g20260821_ky00|g20260836_ky01|s1,g20260821_ky00|g20260836_ky01,g20260821_ky00,g20260836_ky01,1,hard,early,0,1,500,-0.18929344415664673,-0.549215704202652,0.4479166666666667,0.21875,0.5521821094422333,0.552905928383266,0.35992226004600525,0.22916666666666669,0.7814154129715102,192,192
g20260821_ky00|g20260844_ky00|s1,g20260821_ky00|g20260844_ky00,g20260821_ky00,g20260844_ky00,1,hard,early,0,0,500,-0.18929344415664673,-0.5831973254680634,0.4479166666666667,-0.19791666666666666,0.5521821094422333,0.5529470260126256,0.3939038813114166,0.6458333333333334,0.7814444929515351,192,192
g20260815_ky01|g20260816_ky00|s1,g20260815_ky01|g20260816_ky00,g20260815_ky01,g20260816_ky00,1,easy,early,1,0,19700,5.497049182653427,-3.584286332130432,6.703125,-3.0208333333333335,0.41239997818010693,0.49671468298647786,9.08133551478386,9.723958333333334,0.6455998902550324,128,192
g20260815_ky01|g20260825_ky00|s1,g20260815_ky01|g20260825_ky00,g20260815_ky01,g20260825_ky00,1,easy,early,1,0,17300,5.497049182653427,-2.3656485229730606,6.703125,-2.28125,0.41239997818010693,0.5859805594414434,7.862697705626488,8.984375,0.716552132120378,128,128
g20260812_ky02|g20260824_ky02|s1,g20260812_ky02|g20260824_ky02,g20260812_ky02,g20260824_ky02,1,hard,middle,2,2,200,-3.033876545727253,0.4231169670820236,-3.25,0.34375,0.5296336573742477,0.6308137342051968,-3.4569935128092766,-3.59375,0.823673344406341,128,64
g20260812_ky02|g20260834_ky04|s1,g20260812_ky02|g20260834_ky04,g20260812_ky02,g20260834_ky04,1,hard,middle,2,4,200,-3.033876545727253,-3.952736407518387,-3.25,-3.609375,0.5296336573742477,0.5819033533777273,0.9188598617911339,0.359375,0.7868439004630247,128,128
g20260834_ky04|g20260838_ky02|s1,g20260834_ky04|g20260838_ky02,g20260834_ky04,g20260838_ky02,1,hard,middle,4,2,200,-3.952736407518387,-2.958494395017624,-3.609375,-3.6875,0.5819033533777273,0.5053501391006094,-0.9942420125007629,0.078125,0.770707646102755,128,192
g20260812_ky02|g20260838_ky02|s1,g20260812_ky02|g20260838_ky02,g20260812_ky02,g20260838_ky02,1,hard,middle,2,2,400,-3.033876545727253,-2.958494395017624,-3.25,-3.6875,0.5296336573742477,0.5053501391006094,-0.07538215070962906,0.4375,0.7320454727082378,128,192
g20260824_ky02|g20260834_ky04|s1,g20260824_ky02|g20260834_ky04,g20260824_ky02,g20260834_ky04,1,hard,middle,2,4,400,0.4231169670820236,-3.952736407518387,0.34375,-3.609375,0.6308137342051968,0.5819033533777273,4.3758533746004105,3.953125,0.8582176180515924,64,128
g20260833_ky03|g20260846_ky04|s1,g20260833_ky03|g20260846_ky04,g20260833_ky03,g20260846_ky04,1,hard,middle,3,4,400,1.3423143029212952,-0.2442493736743927,1.6875,-0.1875,0.5330802703227066,0.5298368769175398,1.5865636765956879,1.875,0.7515994217327885,192,128
g20260838_ky04|g20260840_ky03|s1,g20260838_ky04|g20260840_ky03,g20260838_ky04,g20260840_ky03,1,hard,middle,4,3,500,3.884596899151802,3.5552461445331573,4.9375,3.65625,0.4940280663231195,0.48576240037740553,0.3293507546186447,1.28125,0.6928411361454944,128,192
g20260818_ky03|g20260838_ky02|s1,g20260818_ky03|g20260838_ky02,g20260818_ky03,g20260838_ky02,1,hard,middle,3,2,600,-2.9138203114271164,-2.958494395017624,-2.84375,-3.6875,0.6016747357973828,0.5053501391006094,0.04467408359050751,0.84375,0.7857424837603321,128,192
g20260811_ky03|g20260839_ky04|s1,g20260811_ky03|g20260839_ky04,g20260811_ky03,g20260839_ky04,1,easy,middle,3,4,22700,-6.066322451457381,5.5706965029239655,-5.4375,4.65625,0.49452589042355766,0.4946114034803038,-11.637018954381347,-10.09375,0.6994256906576769,128,128
g20260811_ky03|g20260837_ky03|s1,g20260811_ky03|g20260837_ky03,g20260811_ky03,g20260837_ky03,1,easy,middle,3,3,21300,-6.066322451457381,4.439712300896645,-5.4375,4.625,0.49452589042355766,0.5172944074093667,-10.506034752354026,-10.0625,0.7156461138273723,128,128
g20260813_ky06|g20260843_ky06|s1,g20260813_ky06|g20260843_ky06,g20260813_ky06,g20260843_ky06,1,hard,late,6,6,0,-6.349987860769033,-3.85682749163243,-6.46875,-3.5625,0.44037814626335536,0.30689416380533824,-2.4931603691366035,-2.90625,0.5367652554740545,64,64
g20260815_ky07|g20260832_ky09|s1,g20260815_ky07|g20260832_ky09,g20260815_ky07,g20260832_ky09,1,hard,late,7,9,0,6.418349251151085,5.283064961433411,4.395833333333333,3.9895833333333335,0.4344560859338984,0.4417405176740251,1.1352842897176743,0.40624999999999956,0.619585971080623,192,192
g20260813_ky06|g20260818_ky06|s1,g20260813_ky06|g20260818_ky06,g20260813_ky06,g20260818_ky06,1,hard,late,6,6,100,-6.349987860769033,-4.883559552486986,-6.46875,-5.3125,0.44037814626335536,0.3125,-1.4664283082820475,-1.15625,0.5399899644496639,64,64
g20260818_ky06|g20260843_ky06|s1,g20260818_ky06|g20260843_ky06,g20260818_ky06,g20260843_ky06,1,hard,late,6,6,100,-4.883559552486986,-3.85682749163243,-5.3125,-3.5625,0.3125,0.30689416380533824,-1.026732060854556,-1.75,0.43799575086726333,64,64
g20260818_ky06|g20260843_ky05|s1,g20260818_ky06|g20260843_ky05,g20260818_ky06,g20260843_ky05,1,hard,late,6,5,200,-4.883559552486986,-3.399753831909038,-5.3125,-2.09375,0.3125,0.45300952962224916,-1.4838057205779478,-3.21875,0.5503397895196852,64,64
g20260825_ky07|g20260835_ky07|s1,g20260825_ky07|g20260835_ky07,g20260825_ky07,g20260835_ky07,1,hard,late,7,7,200,4.332318780245259,6.1508261654525995,5.40625,6.109375,0.518850391892178,0.40983756249625775,-1.8185073852073401,-0.703125,0.6611902576411275,64,128
g20260813_ky06|g20260843_ky05|s1,g20260813_ky06|g20260843_ky05,g20260813_ky06,g20260843_ky05,1,hard,late,6,5,300,-6.349987860769033,-3.399753831909038,-6.46875,-2.09375,0.44037814626335536,0.45300952962224916,-2.9502340288599953,-4.375,0.6317836224807672,64,64
g20260815_ky07|g20260832_ky06|s1,g20260815_ky07|g20260832_ky06,g20260815_ky07,g20260832_ky06,1,hard,late,7,6,300,6.418349251151085,3.6277319192886353,4.395833333333333,4.822916666666667,0.4344560859338984,0.3900058720620419,2.7906173318624496,-0.4270833333333339,0.5838293165368426,192,192
g20260812_ky07|g20260819_ky05|s1,g20260812_ky07|g20260819_ky05,g20260812_ky07,g20260819_ky05,1,easy,late,7,5,25000,-9.469377604022156,5.9541851775720716,-7.6875,5.96875,0.5979773280991805,0.5409650905249493,-15.423562781594228,-13.65625,0.806362272237052,64,64
g20260814_ky06|g20260819_ky05|s1,g20260814_ky06|g20260819_ky05,g20260814_ky06,g20260819_ky05,1,easy,late,6,5,24600,-7.927388441748917,5.9541851775720716,-8.03125,5.96875,0.3549317716125171,0.5409650905249493,-13.881573619320989,-14.0,0.647008339719564,64,64
g20260816_ky00|g20260836_ky01|s2,g20260816_ky00|g20260836_ky01,g20260816_ky00,g20260836_ky01,2,hard,early,0,1,0,-0.22571319341659546,-0.41373109817504883,-0.9583333333333334,0.17708333333333334,0.5209314916229525,0.54463658805909,0.18801790475845337,-1.1354166666666667,0.7536568396937435,192,192
g20260816_ky00|g20260844_ky00|s2,g20260816_ky00|g20260844_ky00,g20260816_ky00,g20260844_ky00,2,hard,early,0,0,0,-0.22571319341659546,-0.3476295471191406,-0.9583333333333334,-1.1979166666666667,0.5209314916229525,0.5378476382657774,0.12191635370254517,0.23958333333333337,0.7487654512279455,192,192
g20260836_ky01|g20260844_ky00|s2,g20260836_ky01|g20260844_ky00,g20260836_ky01,g20260844_ky00,2,hard,early,1,0,0,-0.41373109817504883,-0.3476295471191406,0.17708333333333334,-1.1979166666666667,0.54463658805909,0.5378476382657774,-0.0661015510559082,1.375,0.7654469903531671,192,192
g20260828_ky00|g20260833_ky01|s2,g20260828_ky00|g20260833_ky01,g20260828_ky00,g20260833_ky01,2,hard,early,0,1,200,0.9153171479701996,1.0981781780719757,1.4166666666666667,2.2708333333333335,0.5285961628996451,0.4945690173712581,-0.18286103010177612,-0.8541666666666667,0.7238870190684454,192,192
g20260818_ky01|g20260821_ky00|s2,g20260818_ky01|g20260821_ky00,g20260818_ky01,g20260821_ky00,2,hard,early,1,0,300,-1.5792099237442017,-1.2587558031082153,-1.1458333333333333,-1.7604166666666667,0.5489736543341548,0.5508842637436928,-0.32045412063598633,0.6145833333333335,0.7777181656573456,192,192
g20260815_ky01|g20260828_ky00|s2,g20260815_ky01|g20260828_ky00,g20260815_ky01,g20260828_ky00,2,hard,early,1,0,1500,2.318273648619652,0.9153171479701996,2.5625,1.4166666666666667,0.5856458427664336,0.5285961628996451,1.4029565006494522,1.1458333333333333,0.7889201205330196,128,192
g20260815_ky01|g20260833_ky01|s2,g20260815_ky01|g20260833_ky01,g20260815_ky01,g20260833_ky01,2,hard,early,1,1,1700,2.318273648619652,1.0981781780719757,2.5625,2.2708333333333335,0.5856458427664336,0.4945690173712581,1.220095470547676,0.2916666666666665,0.7665373872768229,128,192
g20260815_ky01|g20260821_ky01|s2,g20260815_ky01|g20260821_ky01,g20260815_ky01,g20260821_ky01,2,hard,early,1,1,2100,2.318273648619652,2.6805838644504547,2.5625,3.375,0.5856458427664336,0.49399204584816603,-0.3623102158308029,-0.8125,0.7661652527430769,128,192
g20260821_ky01|g20260824_ky01|s2,g20260821_ky01|g20260824_ky01,g20260821_ky01,g20260824_ky01,2,easy,early,1,1,29600,2.6805838644504547,-7.17854564730078,3.375,-7.34375,0.49399204584816603,0.6471161415041646,9.859129511751235,10.71875,0.8141175848466207,192,64
g20260821_ky01|g20260824_ky00|s2,g20260821_ky01|g20260824_ky00,g20260821_ky01,g20260824_ky00,2,easy,early,1,0,28600,2.6805838644504547,-6.859553119633347,3.375,-7.46875,0.49399204584816603,0.5532052840578476,9.540136984083802,10.84375,0.7416631497322625,192,64
g20260833_ky03|g20260840_ky03|s2,g20260833_ky03|g20260840_ky03,g20260833_ky03,g20260840_ky03,2,hard,middle,3,3,200,-0.8355234861373901,-0.6135608553886414,-0.2916666666666667,-1.0208333333333333,0.5464781604712293,0.48852218277754383,-0.22196263074874878,0.7291666666666665,0.7330022530236552,192,192
g20260824_ky04|g20260846_ky04|s2,g20260824_ky04|g20260846_ky04,g20260824_ky04,g20260846_ky04,2,hard,middle,4,4,300,-7.782425958663225,-9.189610980451107,-8.375,-9.25,0.4732423621500228,0.268965647778744,1.4071850217878819,0.875,0.54433523955222,64,128
g20260839_ky04|g20260844_ky02|s2,g20260839_ky04|g20260844_ky02,g20260839_ky04,g20260844_ky02,2,hard,middle,4,2,600,-1.9611496478319168,-1.3639648854732513,-1.546875,-1.3229166666666667,0.5738797902492264,0.5055316598650824,-0.5971847623586655,-0.22395833333333326,0.7647877305386387,128,192
g20260824_ky03|g20260846_ky04|s2,g20260824_ky03|g20260846_ky04,g20260824_ky03,g20260846_ky04,2,hard,middle,3,4,700,-6.641930857207626,-9.189610980451107,-8.109375,-9.25,0.360656521978284,0.268965647778744,2.547680123243481,1.140625,0.4499062641601157,128,128
g20260839_ky04|g20260840_ky03|s2,g20260839_ky04|g20260840_ky03,g20260839_ky04,g20260840_ky03,2,hard,middle,4,3,900,-1.9611496478319168,-0.6135608553886414,-1.546875,-1.0208333333333333,0.5738797902492264,0.48852218277754383,-1.3475887924432755,-0.5260416666666667,0.7536523978083212,128,192
g20260825_ky02|g20260837_ky03|s2,g20260825_ky02|g20260837_ky03,g20260825_ky02,g20260837_ky03,2,hard,middle,2,3,1100,-3.1886947453022003,-3.461977928876877,-3.78125,-3.75,0.5595600664913563,0.5793357586580018,0.2732831835746765,-0.03125,0.8054423562686863,128,128
g20260833_ky03|g20260839_ky04|s2,g20260833_ky03|g20260839_ky04,g20260833_ky03,g20260839_ky04,2,hard,middle,3,4,1100,-0.8355234861373901,-1.9611496478319168,-0.2916666666666667,-1.546875,0.5464781604712293,0.5738797902492264,1.1256261616945267,1.2552083333333333,0.7924496157665261,192,128
g20260811_ky03|g20260818_ky03|s2,g20260811_ky03|g20260818_ky03,g20260811_ky03,g20260818_ky03,2,hard,middle,3,3,1300,-4.037197787314653,-4.2644714415073395,-4.125,-3.59375,0.4792700732881266,0.5692062503288117,0.22727365419268608,-0.53125,0.7441072224908128,128,128
g20260812_ky02|g20260824_ky02|s2,g20260812_ky02|g20260824_ky02,g20260812_ky02,g20260824_ky02,2,easy,middle,2,2,43000,8.028688138350844,-7.611028780695051,8.328125,-8.46875,0.3643685508133906,0.46875,15.639716919045895,16.796875,0.5937095277337651,128,64
g20260812_ky02|g20260824_ky04|s2,g20260812_ky02|g20260824_ky04,g20260812_ky02,g20260824_ky04,2,easy,middle,2,4,41000,8.028688138350844,-7.782425958663225,8.328125,-8.375,0.3643685508133906,0.4732423621500228,15.81111409701407,16.703125,0.5972627346111455,128,64
g20260813_ky06|g20260834_ky06|s2,g20260813_ky06|g20260834_ky06,g20260813_ky06,g20260834_ky06,2,hard,late,6,6,0,4.146959679201245,4.439996067434549,4.625,5.0,0.4055052697678833,0.4364357804719847,-0.293036388233304,-0.375,0.595743832771867,64,64
g20260813_ky05|g20260832_ky06|s2,g20260813_ky05|g20260832_ky06,g20260813_ky05,g20260832_ky06,2,hard,late,5,6,100,0.7732476890087128,0.5489947199821472,0.9375,0.6458333333333334,0.5034025466917584,0.46799617008297484,0.22425296902656555,0.29166666666666663,0.687338736888938,128,192
g20260832_ky09|g20260835_ky07|s2,g20260832_ky09|g20260835_ky07,g20260832_ky09,g20260835_ky07,2,hard,late,9,7,600,4.331555802375078,-0.00963595137000084,3.2395833333333335,0.171875,0.4580152940265702,0.5150430681813831,4.341191753745079,3.0677083333333335,0.6892368037503065,192,128
g20260813_ky05|g20260835_ky07|s2,g20260813_ky05|g20260835_ky07,g20260813_ky05,g20260835_ky07,2,hard,late,5,7,800,0.7732476890087128,-0.00963595137000084,0.9375,0.171875,0.5034025466917584,0.5150430681813831,0.7828836403787136,0.765625,0.7201968384389374,128,128
g20260832_ky06|g20260835_ky07|s2,g20260832_ky06|g20260835_ky07,g20260832_ky06,g20260835_ky07,2,hard,late,6,7,900,0.5489947199821472,-0.00963595137000084,0.6458333333333334,0.171875,0.46799617008297484,0.5150430681813831,0.5586306713521481,0.47395833333333337,0.6959093168610588,192,128
g20260832_ky07|g20260835_ky07|s2,g20260832_ky07|g20260835_ky07,g20260832_ky07,g20260835_ky07,2,hard,late,7,7,1100,4.893335245549679,-0.00963595137000084,3.75,0.171875,0.429217600630612,0.5150430681813831,4.90297119691968,3.578125,0.6704454569708057,192,128
g20260813_ky05|g20260832_ky09|s2,g20260813_ky05|g20260832_ky09,g20260813_ky05,g20260832_ky09,2,hard,late,5,9,1400,0.7732476890087128,4.331555802375078,0.9375,3.2395833333333335,0.5034025466917584,0.4580152940265702,-3.5583081133663654,-2.3020833333333335,0.6805822019256701,128,192
g20260832_ky08|g20260835_ky07|s2,g20260832_ky08|g20260835_ky07,g20260832_ky08,g20260835_ky07,2,hard,late,8,7,1400,3.612944506108761,-0.00963595137000084,3.984375,0.171875,0.5041638111755103,0.5150430681813831,3.6225804574787617,3.8125,0.7207291520264104,128,128
g20260825_ky07|g20260843_ky05|s2,g20260825_ky07|g20260843_ky05,g20260825_ky07,g20260843_ky05,2,easy,late,7,5,43900,-9.202469711657614,9.96774941235708,-8.84375,10.0,0.34157863993801596,0.0,-19.170219124014693,-18.84375,0.34157863993801596,64,64
g20260825_ky07|g20260843_ky06|s2,g20260825_ky07|g20260843_ky06,g20260825_ky07,g20260843_ky06,2,easy,late,7,6,43400,-9.202469711657614,9.99113837003938,-8.84375,10.0,0.34157863993801596,0.0,-19.193608081696993,-18.84375,0.34157863993801596,64,64
g20260816_ky00|g20260836_ky01|s3,g20260816_ky00|g20260836_ky01,g20260816_ky00,g20260836_ky01,3,hard,early,0,1,0,-0.7503697574138641,-0.5767554044723511,0.052083333333333336,-0.1875,0.5447742571355939,0.5550333405862243,-0.17361435294151306,0.23958333333333334,0.7777152437749577,192,192
g20260816_ky00|g20260844_ky00|s3,g20260816_ky00|g20260844_ky00,g20260816_ky00,g20260844_ky00,3,hard,early,0,0,0,-0.7503697574138641,-0.5216948688030243,0.052083333333333336,0.3645833333333333,0.5447742571355939,0.548341521360011,-0.22867488861083984,-0.3125,0.7729536954339824,192,192
g20260828_ky00|g20260833_ky01|s3,g20260828_ky00|g20260833_ky01,g20260828_ky00,g20260833_ky01,3,hard,early,0,1,0,-2.427749991416931,-2.6215398609638214,-3.1041666666666665,-2.8229166666666665,0.5254723594563723,0.5568170645904623,0.19378986954689026,-0.28125,0.7656150755907214,192,192
g20260836_ky01|g20260844_ky00|s3,g20260836_ky01|g20260844_ky00,g20260836_ky01,g20260844_ky00,3,hard,early,1,0,0,-0.5767554044723511,-0.5216948688030243,-0.1875,0.3645833333333333,0.5550333405862243,0.548341521360011,-0.05506053566932678,-0.5520833333333333,0.780218195897606,192,192
g20260816_ky00|g20260825_ky00|s3,g20260816_ky00|g20260825_ky00,g20260816_ky00,g20260825_ky00,3,hard,early,0,0,100,-0.7503697574138641,-0.45062464475631714,0.052083333333333336,-0.3125,0.5447742571355939,0.6024219082269593,-0.299745112657547,0.3645833333333333,0.8122137321847305,192,128
g20260825_ky00|g20260836_ky01|s3,g20260825_ky00|g20260836_ky01,g20260825_ky00,g20260836_ky01,3,hard,early,0,1,100,-0.45062464475631714,-0.5767554044723511,-0.3125,-0.1875,0.6024219082269593,0.5550333405862243,0.12613075971603394,-0.125,0.8191301268260829,128,192
g20260825_ky00|g20260844_ky00|s3,g20260825_ky00|g20260844_ky00,g20260825_ky00,g20260844_ky00,3,hard,early,0,0,100,-0.45062464475631714,-0.5216948688030243,-0.3125,0.3645833333333333,0.6024219082269593,0.548341521360011,0.07107022404670715,-0.6770833333333333,0.814610692023633,128,192
g20260821_ky00|g20260825_ky00|s3,g20260821_ky00|g20260825_ky00,g20260821_ky00,g20260825_ky00,3,hard,early,0,0,400,-0.7102808654308319,-0.45062464475631714,0.5520833333333334,-0.3125,0.5516880520456505,0.6024219082269593,-0.25965622067451477,0.8645833333333334,0.8168671019705318,192,128
g20260818_ky01|g20260824_ky00|s3,g20260818_ky01|g20260824_ky00,g20260818_ky01,g20260824_ky00,3,easy,early,1,0,16700,1.6831024289131165,-4.105842063203454,2.6979166666666665,-2.84375,0.5130942253449314,0.6296331249416676,5.7889444921165705,5.541666666666666,0.8122213713675138,192,64
g20260812_ky02|g20260833_ky03|s3,g20260812_ky02|g20260833_ky03,g20260812_ky02,g20260833_ky03,3,hard,middle,2,3,100,-0.9567659944295883,-1.2927967309951782,0.015625,-0.78125,0.5631813868402148,0.5502362578596133,0.3360307365655899,0.796875,0.7873583770727397,128,192
g20260812_ky02|g20260840_ky03|s3,g20260812_ky02|g20260840_ky03,g20260812_ky02,g20260840_ky03,3,hard,middle,2,3,100,-0.9567659944295883,-0.8875232636928558,0.015625,0.6875,0.5631813868402148,0.5403961303975918,-0.06924273073673248,-0.671875,0.7805134542286627,128,192
g20260833_ky03|g20260840_ky03|s3,g20260833_ky03|g20260840_ky03,g20260833_ky03,g20260840_ky03,3,hard,middle,3,3,200,-1.2927967309951782,-0.8875232636928558,-0.78125,0.6875,0.5502362578596133,0.5403961303975918,-0.4052734673023224,-1.46875,0.771224945921773,192,192
g20260837_ky03|g20260838_ky04|s3,g20260837_ky03|g20260838_ky04,g20260837_ky03,g20260838_ky04,3,hard,middle,3,4,400,-5.246520087122917,-5.930918380618095,-4.8125,-6.78125,0.5799459909010534,0.5198966314392599,0.6843982934951782,1.96875,0.7788644681484028,128,128
g20260824_ky02|g20260838_ky04|s3,g20260824_ky02|g20260838_ky04,g20260824_ky02,g20260838_ky04,3,hard,middle,2,4,500,-2.635978209786117,-5.930918380618095,-1.875,-6.78125,0.5305638659699847,0.5198966314392599,3.2949401708319783,4.90625,0.7428260383527934,64,128
g20260825_ky02|g20260836_ky04|s3,g20260825_ky02|g20260836_ky04,g20260825_ky02,g20260836_ky04,3,hard,middle,2,4,600,-1.4065707921981812,-2.6193484365940094,-0.84375,-2.3333333333333335,0.6069679773201597,0.5542815526047051,1.2127776443958282,1.4895833333333335,0.8219721193872749,128,192
g20260824_ky02|g20260837_ky03|s3,g20260824_ky02|g20260837_ky03,g20260824_ky02,g20260837_ky03,3,hard,middle,2,3,900,-2.635978209786117,-5.246520087122917,-1.875,-4.8125,0.5305638659699847,0.5799459909010534,2.6105418773368,2.9375,0.7860250430076772,64,128
g20260825_ky02|g20260840_ky03|s3,g20260825_ky02|g20260840_ky03,g20260825_ky02,g20260840_ky03,3,hard,middle,2,3,900,-1.4065707921981812,-0.8875232636928558,-0.84375,0.6875,0.6069679773201597,0.5403961303975918,-0.5190475285053253,-1.53125,0.8126734296387553,128,192
g20260811_ky03|g20260839_ky04|s3,g20260811_ky03|g20260839_ky04,g20260811_ky03,g20260839_ky04,3,easy,middle,3,4,38800,9.420309606939554,-7.937930181622505,9.078125,-7.265625,0.22503536877522862,0.48189213155204313,17.35823978856206,16.34375,0.5318467294734215,128,128
g20260811_ky03|g20260824_ky03|s3,g20260811_ky03|g20260824_ky03,g20260811_ky03,g20260824_ky03,3,easy,middle,3,3,34500,9.420309606939554,-3.0726921735331416,9.078125,-2.515625,0.22503536877522862,0.4415914388806881,12.493001780472696,11.59375,0.49562477348546613,128,128
g20260812_ky07|g20260832_ky09|s3,g20260812_ky07|g20260832_ky09,g20260812_ky07,g20260832_ky09,3,hard,late,7,9,0,0.32332846615463495,-7.981637876480818,-0.375,-5.895833333333333,0.6468406123441677,0.4667709580235445,8.304966342635453,5.520833333333333,0.7976702984516819,64,192
g20260819_ky05|g20260832_ky08|s3,g20260819_ky05|g20260832_ky08,g20260819_ky05,g20260832_ky08,3,hard,late,5,8,100,-4.396350309252739,-8.115410342812538,-4.59375,-7.671875,0.5611066296182815,0.46415687668737715,3.719060033559799,3.078125,0.7282048173266696,64,128
g20260812_ky07|g20260825_ky07|s3,g20260812_ky07|g20260825_ky07,g20260812_ky07,g20260825_ky07,3,hard,late,7,7,300,0.32332846615463495,-4.126922506839037,-0.375,-4.0,0.6468406123441677,0.5400617248673217,4.450250972993672,3.625,0.8426561840065285,64,64
g20260825_ky07|g20260832_ky09|s3,g20260825_ky07|g20260832_ky09,g20260825_ky07,g20260832_ky09,3,hard,late,7,9,300,-4.126922506839037,-7.981637876480818,-4.0,-5.895833333333333,0.5400617248673217,0.4667709580235445,3.854715369641781,1.895833333333333,0.71382196234137,64,192
g20260812_ky07|g20260832_ky06|s3,g20260812_ky07|g20260832_ky06,g20260812_ky07,g20260832_ky06,3,hard,late,7,6,400,0.32332846615463495,-4.615915209054947,-0.375,-3.9895833333333335,0.6468406123441677,0.5845780902442883,4.939243675209582,3.6145833333333335,0.8718568238945184,64,192
g20260812_ky07|g20260832_ky07|s3,g20260812_ky07|g20260832_ky07,g20260812_ky07,g20260832_ky07,3,hard,late,7,7,400,0.32332846615463495,-7.920071169734001,-0.375,-4.4375,0.6468406123441677,0.5489570966651744,8.243399635888636,4.0625,0.8483847427652359,64,192
g20260815_ky07|g20260845_ky05|s3,g20260815_ky07|g20260845_ky05,g20260815_ky07,g20260845_ky05,3,hard,late,7,5,400,-2.779912620782852,-0.4505766034126282,-0.5729166666666666,-0.4270833333333333,0.5216981258530794,0.5311259393862694,-2.329336017370224,-0.14583333333333331,0.7444888837367302,192,192
g20260818_ky06|g20260834_ky06|s3,g20260818_ky06|g20260834_ky06,g20260818_ky06,g20260834_ky06,3,hard,late,6,6,600,4.853446703404188,6.674802683293819,5.03125,7.96875,0.2851906473872221,0.42838796089489084,-1.8213559798896313,-2.9375,0.5146357453547367,64,64
g20260813_ky05|g20260843_ky06|s3,g20260813_ky05|g20260843_ky06,g20260813_ky05,g20260843_ky06,3,easy,late,5,6,35800,7.850892890244722,-9.678935365285724,8.625,-9.59375,0.3135317613166658,0.25268277802320405,17.529828255530447,18.21875,0.40267946516286934,128,64
g20260813_ky06|g20260843_ky06|s3,g20260813_ky06|g20260843_ky06,g20260813_ky06,g20260843_ky06,3,easy,late,6,6,35800,8.729004175402224,-9.678935365285724,8.75,-9.59375,0.34931906550288594,0.25268277802320405,18.40793954068795,18.34375,0.4311292101369766,64,64
