state_id,game_seed,kyoku_ordinal,chang,ju,honba,riichi_sticks,round_initial_scores,round_end_scores,next_oya,next_round_wind,next_honba,next_kyotaku,end_rank_seat0,end_rank_seat1,end_rank_seat2,end_rank_seat3,score_spread,stage_group,grp_p1_seat0,grp_p2_seat0,grp_p3_seat0,grp_p4_seat0,grp_value_seat0,grp_p1_seat1,grp_p2_seat1,grp_p3_seat1,grp_p4_seat1,grp_value_seat1,grp_p1_seat2,grp_p2_seat2,grp_p3_seat2,grp_p4_seat2,grp_value_seat2,grp_p1_seat3,grp_p2_seat3,grp_p3_seat3,grp_p4_seat3,grp_value_seat3,n,mc_mean_seat0,mc_std_seat0,mc_se_seat0,mc_mean_seat1,mc_std_seat1,mc_se_seat1,mc_mean_seat2,mc_std_seat2,mc_se_seat2,mc_mean_seat3,mc_std_seat3,mc_se_seat3
g20260811_ky03,20260811,3,0,3,0,0,"[30500, 17500, 23000, 29000]","[24500, 11500, 16000, 48000]",3,0,1,0,2,4,3,1,36500,middle,0.038972221314907074,0.530713677406311,0.29112690687179565,0.13918723165988922,-0.04380302131175995,0.010051959194242954,0.15681873261928558,0.25619593262672424,0.5769333243370056,-6.066322451457381,0.018375782296061516,0.22411830723285675,0.4096049666404724,0.3479008972644806,-4.037197787314653,0.9158474802970886,0.07637734711170197,0.0056795584969222546,0.002095635049045086,9.420309606939554,128,0.484375,6.032698792780015,0.5332202781538309,-5.4375,5.594921769453011,0.49452589042355766,-4.125,5.422321901468927,0.4792700732881266,9.078125,2.545984564284474,0.22503536877522862
g20260812_ky02,20260812,2,0,2,1,0,"[10900, 21100, 45600, 22400]","[12400, 19600, 44100, 23900]",3,0,2,0,4,3,1,2,31700,middle,0.03301577270030975,0.15136151015758514,0.27581101655960083,0.5398117303848267,-5.565757602453232,0.05331326648592949,0.26469725370407104,0.36568278074264526,0.3163067102432251,-3.033876545727253,0.7368251085281372,0.22019775211811066,0.03490288928151131,0.008074239827692509,8.028688138350844,0.11524153500795364,0.3362520933151245,0.33847901225090027,0.21002736687660217,-0.9567659944295883,128,-5.09375,5.799046215359386,0.5125681129118507,-3.25,5.992120810783409,0.5296336573742477,8.328125,4.122359570100218,0.3643685508133906,0.015625,6.371670042764163,0.5631813868402148
g20260812_ky07,20260812,7,1,3,0,0,"[19300, 11100, 52700, 16900]","[19300, 11100, 48800, 20800]",3,1,1,0,3,4,1,2,37700,late,0.0012277904897928238,0.5310992002487183,0.43251264095306396,0.03516038879752159,0.055020254105329514,9.158955072052777e-05,0.011447569355368614,0.06142069399356842,0.9270401000976562,-9.469377604022156,0.9982137680053711,0.0017831121804192662,2.1400232981250156e-06,9.820583954933682e-07,9.98925174809824,0.00754234055057168,0.5604652762413025,0.38766130805015564,0.044331081211566925,0.32332846615463495,64,-1.75,4.879500364742666,0.6099375455928332,-7.6875,4.783818624793444,0.5979773280991805,9.8125,1.0522085616183026,0.13152607020228782,-0.375,5.174724898753341,0.6468406123441677
g20260813_ky05,20260813,5,1,1,0,0,"[17100, 22300, 26300, 34300]","[16600, 21300, 25800, 36300]",2,1,0,0,4,3,2,1,19700,late,0.03518729284405708,0.0868830531835556,0.24016441404819489,0.6377652287483215,-6.638904802501202,0.06954364478588104,0.1930007040500641,0.40623539686203003,0.3312202990055084,-3.4697053134441376,0.13160692155361176,0.45537862181663513,0.29430145025253296,0.11871302127838135,0.7732476890087128,0.7272485494613647,0.21814855933189392,0.04197361320257187,0.01262923888862133,7.850892890244722,128,-6.15625,5.433111519875289,0.4802237498308208,-3.40625,5.790893611429728,0.5118475177214771,0.9375,5.69534967091712,0.5034025466917584,8.625,3.5472069527100234,0.3135317613166658
g20260813_ky06,20260813,6,1,2,0,0,"[16600, 21300, 25800, 36300]","[16600, 17400, 29700, 36300]",2,1,1,0,4,3,2,1,19700,late,0.015727251768112183,0.0435439869761467,0.36857637763023376,0.5721524357795715,-6.864381402730942,0.012531721964478493,0.05328701436519623,0.4422266483306885,0.49195465445518494,-6.349987860769033,0.17811770737171173,0.7162737250328064,0.09279543161392212,0.012813056819140911,4.146959679201245,0.8141837120056152,0.16943718492984772,0.012201584875583649,0.004177534487098455,8.729004175402224,64,-6.90625,3.803585401271004,0.4754481751588755,-6.46875,3.523025170106843,0.44037814626335536,4.625,3.2440421581430665,0.4055052697678833,8.75,2.7945525240230875,0.34931906550288594
g20260814_ky06,20260814,6,1,2,0,0,"[43400, 11500, 16000, 29100]","[44700, 11500, 14700, 29100]",3,1,0,0,1,4,3,2,33200,late,0.9317155480384827,0.06772733479738235,0.0004667702887672931,9.022386802826077e-05,9.585295499739004,0.0008760462515056133,0.019379938021302223,0.29729530215263367,0.6824487447738647,-7.927388441748917,0.003674786537885666,0.046341314911842346,0.626031219959259,0.32395270466804504,-5.5215388014912605,0.061386678367853165,0.8657987713813782,0.06587991863489151,0.006934670731425285,3.7441954873502254,64,9.4375,1.7627089541790095,0.2203386192723762,-8.03125,2.839454172900137,0.3549317716125171,-5.96875,2.839454172900137,0.3549317716125171,4.5625,1.7627089541790095,0.2203386192723762
g20260815_ky01,20260815,1,0,1,0,0,"[19000, 37000, 22000, 22000]","[11300, 37000, 29700, 22000]",2,0,0,0,4,1,2,3,25700,early,0.05470510199666023,0.10544806718826294,0.19213567674160004,0.6477112174034119,-6.276811592280865,0.5097159743309021,0.3221801817417145,0.13203445076942444,0.0360693484544754,5.497049182653427,0.2911047339439392,0.3541049659252167,0.25645148754119873,0.09833876043558121,2.318273648619652,0.16824379563331604,0.20410072803497314,0.37091442942619324,0.2567409873008728,-1.552226722240448,128,-6.390625,5.342202169119775,0.4721884225317595,6.703125,4.665773138117406,0.41239997818010693,2.5625,6.625826348701693,0.5856458427664336,-2.875,6.182270815885121,0.5464407021305073
g20260815_ky07,20260815,7,1,3,0,0,"[17800, 33500, 24000, 24700]","[23000, 28300, 24000, 24700]",0,2,0,0,4,1,3,2,5300,late,0.1700337529182434,0.19561722874641418,0.30436384677886963,0.32998520135879517,-2.0345009565353394,0.5479102730751038,0.3665892779827118,0.054648976773023605,0.030851468443870544,6.418349251151085,0.12517239153385162,0.2819060981273651,0.36274170875549316,0.2301798015832901,-1.373416543006897,0.14968763291835785,0.1634916365146637,0.3229086101055145,0.36391210556030273,-2.779912620782852,192,-2.1979166666666665,8.082195274413516,0.5832822021657207,4.395833333333333,6.020000115960178,0.4344560859338984,-1.625,7.220172439239663,0.5210710626738171,-0.5729166666666666,7.228861281527967,0.5216981258530794
g20260816_ky00,20260816,0,0,0,0,0,"[25000, 25000, 25000, 25000]","[32700, 17300, 25000, 25000]",0,0,1,0,1,4,2,3,15400,early,0.37677955627441406,0.30168235301971436,0.21405252814292908,0.10748561471700668,3.043458715081215,0.11430090665817261,0.18272607028484344,0.2619217336177826,0.44105127453804016,-3.584286332130432,0.22387319803237915,0.25507181882858276,0.28763628005981445,0.23341873288154602,-0.22571319341659546,0.20834468305110931,0.24366913735866547,0.27856144309043884,0.2694247364997864,-0.7503697574138641,192,3.9270833333333335,7.15240931349595,0.5161806803126592,-3.0208333333333335,6.882680542384382,0.49671468298647786,-0.9583333333333334,7.218238486028757,0.5209314916229525,0.052083333333333336,7.548613536115525,0.5447742571355939
g20260818_ky01,20260818,1,0,1,0,0,"[24000, 25000, 17000, 34000]","[24000, 25000, 22200, 28800]",2,0,0,0,3,2,4,1,6600,early,0.21438001096248627,0.25035297870635986,0.26126912236213684,0.2739979028701782,-0.6398434937000275,0.21746820211410522,0.2444278746843338,0.26434525847435,0.2737586796283722,-0.6425743103027344,0.19035062193870544,0.22046595811843872,0.2545423209667206,0.33464106917381287,-1.5792099237442017,0.3334167003631592,0.2625117301940918,0.22326739132404327,0.18080419301986694,1.6831024289131165,192,-1.5520833333333333,7.386658117855954,0.5330861315944837,0.0,7.6930648036591,0.5551991294107271,-1.1458333333333333,7.606802090588083,0.5489736543341548,2.6979166666666665,7.109642138940928,0.5130942253449314
g20260818_ky03,20260818,3,0,3,0,0,"[26000, 24500, 21200, 28300]","[22100, 20600, 17300, 40000]",3,0,1,0,2,3,4,1,22700,middle,0.10135050117969513,0.32023710012435913,0.3210535943508148,0.2573588192462921,-1.5633491575717926,0.0730244591832161,0.2675260305404663,0.31338754296302795,0.3460618853569031,-2.9138203114271164,0.06268666684627533,0.1988295167684555,0.28303033113479614,0.455453485250473,-4.2644714415073395,0.7065941691398621,0.22448304295539856,0.05142552778124809,0.017497334629297256,7.58319840580225,128,-2.03125,6.198726691702515,0.5478952098031127,-2.84375,6.8071725720152605,0.6016747357973828,-3.59375,6.439833592020324,0.5692062503288117,8.46875,3.159630946255501,0.2792745585180166
g20260818_ky06,20260818,6,1,2,2,0,"[12100, 16000, 40800, 31100]","[10600, 17500, 39300, 32600]",3,1,3,0,4,3,1,2,28700,late,0.0017716409638524055,0.008932173252105713,0.1840151995420456,0.8052810430526733,-8.735426126047969,0.0024617279414087534,0.030604446306824684,0.773124098777771,0.19380982220172882,-4.883559552486986,0.7623472213745117,0.23222854733467102,0.004960741847753525,0.00046353571815416217,8.527908078511246,0.2133479118347168,0.7369166612625122,0.04494249448180199,0.004792908206582069,4.853446703404188,64,-8.6875,2.5,0.3125,-5.3125,2.5,0.3125,8.96875,2.281525179097777,0.2851906473872221,5.03125,2.281525179097777,0.2851906473872221
g20260819_ky05,20260819,5,1,1,0,0,"[13300, 24100, 40900, 21700]","[9300, 36100, 36900, 17700]",1,1,1,0,4,2,1,3,27600,late,0.009009145200252533,0.03384733945131302,0.19308315217494965,0.7640604376792908,-8.187456175684929,0.4177358150482178,0.5166043639183044,0.06116800010204315,0.004491842817515135,5.9541851775720716,0.48072537779808044,0.4501420557498932,0.06468657404184341,0.004445969592779875,6.304616008885205,0.03586416691541672,0.05473808944225311,0.6866722702980042,0.2227255254983902,-4.396350309252739,64,-7.8125,4.272001872658765,0.5340002340823456,5.96875,4.327720724199595,0.5409650905249493,6.4375,4.101393491415884,0.5126741864269855,-4.59375,4.488853036946252,0.5611066296182815
g20260821_ky00,20260821,0,0,0,1,0,"[28000, 24000, 24000, 24000]","[26500, 25500, 22500, 24500]",1,0,2,1,1,2,4,3,4000,early,0.27165207266807556,0.2700369954109192,0.25166770815849304,0.2066432386636734,0.7235654890537262,0.2405179738998413,0.24769429862499237,0.25543779134750366,0.25634992122650146,-0.18929344415664673,0.20032572746276855,0.228211909532547,0.25662705302238464,0.31483525037765503,-1.2587558031082153,0.23442821204662323,0.22136062383651733,0.25035110116004944,0.2938601076602936,-0.7102808654308319,192,0.7604166666666666,7.332413574718459,0.5291713688966712,0.4479166666666667,7.6512597486760505,0.5521821094422333,-1.7604166666666667,7.6332762711539965,0.5508842637436928,0.5520833333333334,7.644413888574158,0.5516880520456505
g20260821_ky01,20260821,1,0,1,2,1,"[26500, 25500, 22500, 24500]","[26500, 25500, 31800, 16200]",2,0,0,0,2,3,1,4,15600,early,0.23925504088401794,0.2860811650753021,0.2950209379196167,0.17964281141757965,0.5603632032871246,0.19597291946411133,0.26545870304107666,0.30088478326797485,0.23768359422683716,-0.5588110685348511,0.35615766048431396,0.3035133481025696,0.21804063022136688,0.12228836119174957,2.6805838644504547,0.12951825559139252,0.13811254501342773,0.2273210883140564,0.5050480961799622,-4.112132579088211,192,1.2604166666666667,7.140687622404994,0.515334740124319,-0.125,7.159001948632474,0.5166564627715018,3.375,6.844954575551342,0.49399204584816603,-4.510416666666667,7.113875228585915,0.5133997222756861
g20260824_ky00,20260824,0,0,0,3,0,"[63700, 12100, 12100, 12100]","[63700, 21000, 3200, 12100]",1,0,0,0,1,2,4,3,60500,early,0.9738357067108154,0.02548571489751339,0.0005514381919056177,0.00012712771422229707,9.836822896788362,0.008531942032277584,0.5741463899612427,0.34260106086730957,0.074720598757267,0.2642947491258383,0.0031094530131667852,0.10458037257194519,0.2690221965312958,0.6232880353927612,-6.859553119633347,0.00597414281219244,0.21351364254951477,0.46424734592437744,0.3162648677825928,-4.105842063203454,64,9.90625,0.75,0.09375,0.40625,5.041789648244248,0.630223706030531,-7.46875,4.425642272462781,0.5532052840578476,-2.84375,5.0370649995333405,0.6296331249416676
g20260824_ky01,20260824,1,0,1,0,0,"[63700, 21000, 3200, 12100]","[62700, 20000, 2200, 15100]",2,0,1,0,1,2,4,3,60500,early,0.9720027446746826,0.027273502200841904,0.0005942954448983073,0.0001295162655878812,9.825449111114722,0.008871074765920639,0.5427531599998474,0.35748404264450073,0.09089167416095734,-0.07912952452898026,0.0030315644107759,0.09398210048675537,0.24084560573101044,0.6621407270431519,-7.17854564730078,0.008928627707064152,0.28881293535232544,0.5022703409194946,0.19998814165592194,-2.7644247617572546,64,9.8125,1.0522085616183026,0.13152607020228782,-0.65625,5.014957785196361,0.6268697231495451,-7.34375,5.176929132033317,0.6471161415041646,-1.8125,5.123475382979799,0.6404344228724749
g20260824_ky02,20260824,2,0,2,1,0,"[62700, 20000, 2200, 15100]","[65000, 19400, 1100, 14500]",3,0,0,0,1,2,4,3,63900,middle,0.9851585030555725,0.014649644494056702,0.00016127247363328934,3.063256008317694e-05,9.909232193036587,0.003959640860557556,0.5926346778869629,0.3411731719970703,0.062232546508312225,0.4231169670820236,0.0013186822179704905,0.07590581476688385,0.21665267646312714,0.7061228156089783,-7.611028780695051,0.005335379857569933,0.28551632165908813,0.5433475971221924,0.16580069065093994,-2.635978209786117,64,10.0,0.0,0.0,0.34375,5.0465098736415746,0.6308137342051968,-8.46875,3.75,0.46875,-1.875,4.244510927759878,0.5305638659699847
g20260824_ky03,20260824,3,0,3,0,0,"[65000, 19400, 1100, 14500]","[64000, 18400, 4100, 13500]",0,1,1,0,1,2,4,3,59900,middle,0.9864230751991272,0.013476326130330563,7.726487092440948e-05,2.3366139430436306e-05,9.917593335634592,0.004057774320244789,0.5460733771324158,0.35990020632743835,0.08996862173080444,-0.11441579088568687,0.00161068351007998,0.11855300515890121,0.27768558263778687,0.6021507382392883,-6.641930857207626,0.005829561967402697,0.27348098158836365,0.4969971477985382,0.22369231283664703,-3.0726921735331416,128,9.90625,0.7470414085857171,0.06602975572976386,0.71875,4.424230882044674,0.39105045727859117,-8.109375,4.080362757919996,0.360656521978284,-2.515625,4.99603681514335,0.4415914388806881
g20260824_ky04,20260824,4,1,0,1,0,"[64000, 18400, 4100, 13500]","[59800, 18400, 3100, 18700]",1,1,0,0,1,3,4,2,56700,middle,0.9789992570877075,0.020695026963949203,0.000243429109104909,6.228133861441165e-05,9.871176148910308,0.003735125996172428,0.4683758616447449,0.43898242712020874,0.08890658617019653,-0.7341408636420965,0.0021300744265317917,0.0735730305314064,0.19082503020763397,0.7334718704223633,-7.782425958663225,0.009100021794438362,0.39702335000038147,0.4935067594051361,0.10036980360746384,-1.2986314557492733,64,10.0,0.0,0.0,-1.6875,4.6218082079540155,0.5777260259942519,-8.375,3.7859388972001824,0.4732423621500228,0.0625,4.924428900898052,0.6155536126122565
g20260825_ky00,20260825,0,0,0,2,0,"[40800, 22300, 14600, 22300]","[40800, 19700, 14600, 24900]",1,0,0,0,1,3,4,2,26200,early,0.5744442939758301,0.30460789799690247,0.09187411516904831,0.02907373569905758,6.304640714079142,0.10733597725629807,0.2462892383337021,0.33993029594421387,0.3064444065093994,-2.3656485229730606,0.07846672832965851,0.16706722974777222,0.2712542414665222,0.48321184515953064,-4.464199215173721,0.17406831681728363,0.29569342732429504,0.32138365507125854,0.20885469019412994,-0.45062464475631714,128,7.03125,5.081907850559158,0.4491814378119416,-2.28125,6.629613235592504,0.5859805594414434,-4.4375,6.5252387050191745,0.576755067147498,-0.3125,6.815625863081967,0.6024219082269593
g20260825_ky02,20260825,2,0,2,0,0,"[39800, 17700, 18600, 23900]","[40800, 17700, 18600, 22900]",3,0,0,0,1,4,3,2,23100,middle,0.635090708732605,0.279676228761673,0.06612729281187057,0.019105801358819008,7.014044817537069,0.0644836574792862,0.21064253151416779,0.318080335855484,0.4067934453487396,-3.852849096059799,0.085100457072258,0.2264157384634018,0.32324591279029846,0.36523786187171936,-3.1886947453022003,0.1333203911781311,0.28848838806152344,0.3146973252296448,0.2634938955307007,-1.4065707921981812,128,7.921875,4.284396474371426,0.3786907250399714,-3.296875,6.237250776110777,0.5513002899686233,-3.78125,6.330699479955735,0.5595600664913563,-0.84375,6.867058763618681,0.6069679773201597
g20260825_ky07,20260825,7,1,3,1,2,"[35400, 31400, 15000, 16200]","[35400, 31400, 12700, 20500]",3,1,2,0,1,2,4,3,22700,late,0.7764227390289307,0.2154977172613144,0.007371250540018082,0.0007083196542225778,8.589650060632266,0.11710705608129501,0.8376858830451965,0.043762508779764175,0.0014445277629420161,4.332318780245259,0.0030456690583378077,0.010080567561089993,0.09924808144569397,0.8876256346702576,-9.202469711657614,0.027606626972556114,0.03155261650681496,0.8132014274597168,0.12763935327529907,-4.126922506839037,64,7.4375,3.275086331104949,0.40938579138811865,5.40625,4.150803135137424,0.518850391892178,-8.84375,2.7326291195041277,0.34157863993801596,-4.0,4.320493798938574,0.5400617248673217
g20260828_ky00,20260828,0,0,0,1,0,"[28000, 24000, 24000, 24000]","[28000, 24000, 28200, 19800]",1,0,0,0,2,3,1,4,8400,early,0.27690258622169495,0.2786029577255249,0.2638607919216156,0.18063361942768097,1.021658331155777,0.20005691051483154,0.24482068419456482,0.275846391916275,0.2792759835720062,-0.9162935614585876,0.2818180024623871,0.2695634961128235,0.25084471702575684,0.1977737993001938,0.9153171479701996,0.18068799376487732,0.17821364104747772,0.24391645193099976,0.3971818685531616,-2.427749991416931,192,1.875,7.280829019018952,0.5254485742567789,-0.1875,7.633369151778908,0.5508909668254173,1.4166666666666667,7.32444328662512,0.5285961628996451,-3.1041666666666665,7.281158596412264,0.5254723594563723
g20260832_ky06,20260832,6,1,2,1,0,"[30000, 23100, 25700, 21200]","[24500, 28600, 25700, 21200]",3,1,0,0,3,1,2,4,7400,late,0.21764756739139557,0.27983778715133667,0.30212387442588806,0.2003907561302185,0.08342376351356506,0.3808148503303528,0.34967178106307983,0.18600499629974365,0.08350837230682373,3.6277319192886353,0.22258737683296204,0.300944447517395,0.31400415301322937,0.16246402263641357,0.5489947199821472,0.14384499192237854,0.0981455072760582,0.18885798752307892,0.5691515207290649,-4.615915209054947,192,-1.4791666666666667,7.371913824648615,0.5320220538879502,4.822916666666667,5.404079885293311,0.3900058720620419,0.6458333333333334,6.484745154650866,0.46799617008297484,-3.9895833333333335,8.100151626357531,0.5845780902442883
g20260832_ky07,20260832,7,1,3,0,0,"[24500, 28600, 25700, 21200]","[24500, 26600, 27700, 21200]",0,2,0,0,3,2,1,4,6500,late,0.1568850576877594,0.2931382954120636,0.44553378224372864,0.10444287955760956,-0.08516016602516174,0.19494254887104034,0.519790768623352,0.22538723051548004,0.059879448264837265,2.528245158493519,0.3962298333644867,0.4460880756378174,0.12058423459529877,0.03709784522652626,4.893335245549679,0.070621557533741,0.013109497725963593,0.0806608721613884,0.8356081247329712,-7.920071169734001,192,-0.8958333333333334,7.524451125959016,0.5430304853845775,1.5833333333333333,6.790302087777905,0.4900478422821814,3.75,5.947413534360218,0.429217600630612,-4.4375,7.606572660796652,0.5489570966651744
g20260832_ky08,20260832,8,2,0,0,0,"[24500, 26600, 27700, 21200]","[24500, 29900, 28000, 17600]",1,2,0,0,3,1,2,4,12300,late,0.09471795707941055,0.23100711405277252,0.5595752000808716,0.11469972133636475,-1.5140899866819382,0.48376041650772095,0.3709357678890228,0.12239889800548553,0.02290491759777069,5.602702468633652,0.2868582010269165,0.4793097972869873,0.19424058496952057,0.039591435343027115,3.612944506108761,0.06009439378976822,0.02149442583322525,0.06362996995449066,0.8547812104225159,-8.115410342812538,128,-2.09375,5.376293105761173,0.4752016640912762,5.78125,5.602217643012903,0.4951707606321676,3.984375,5.70396239537692,0.5041638111755103,-7.671875,5.251335600640201,0.46415687668737715
g20260832_ky09,20260832,9,2,1,0,0,"[24500, 29900, 28000, 17600]","[23700, 28300, 27200, 20800]",2,2,0,0,3,1,2,4,7500,late,0.08041997253894806,0.2100217342376709,0.5690287947654724,0.14052949845790863,-2.0371235013008118,0.3939778208732605,0.48721563816070557,0.09708156436681747,0.02172495424747467,5.283064961433411,0.3007465898990631,0.536228358745575,0.13490451872348785,0.02812054567039013,4.331555802375078,0.06649162620306015,0.01427802536636591,0.08143959194421768,0.8377907872200012,-7.981637876480818,192,-1.3333333333333333,7.09644357011345,0.5121417006867487,3.9895833333333335,6.120936162985513,0.4417405176740251,3.2395833333333335,6.346446079180941,0.4580152940265702,-5.895833333333333,6.46776811835503,0.4667709580235445
g20260833_ky01,20260833,1,0,1,0,0,"[25000, 30200, 25000, 19800]","[22000, 30200, 28000, 19800]",2,0,0,0,3,1,2,4,10400,early,0.1772584617137909,0.22548121213912964,0.27839502692222595,0.3188653290271759,-1.6277239322662354,0.34418970346450806,0.2934643030166626,0.22060105204582214,0.14174489676952362,2.315901070833206,0.28544071316719055,0.2794959247112274,0.24607016146183014,0.1889932006597519,1.0981781780719757,0.17652754485607147,0.16679058969020844,0.2521401643753052,0.4045417010784149,-2.6215398609638214,192,-1.59375,7.257533547543358,0.5237673684158621,2.1458333333333335,7.326319428606873,0.5287315617844205,2.2708333333333335,6.852949327491469,0.4945690173712581,-2.8229166666666665,7.7154835711363345,0.5568170645904623
g20260833_ky03,20260833,3,0,3,0,0,"[20700, 28900, 25400, 25000]","[23700, 27900, 24400, 24000]",0,1,1,0,4,1,2,3,4200,middle,0.2207857370376587,0.2305677980184555,0.25845369696617126,0.29019272327423096,-0.8056134581565857,0.29309725761413574,0.2858787178993225,0.24634449183940887,0.17467951774597168,1.3423143029212952,0.21109172701835632,0.23899193108081818,0.26612579822540283,0.2837905287742615,-0.8355234861373901,0.22131696343421936,0.19678261876106262,0.2543177902698517,0.32758256793022156,-1.2927967309951782,192,-0.6145833333333334,7.696969950723374,0.555480959124325,1.6875,7.386576901691834,0.5330802703227066,-0.2916666666666667,7.572223513303578,0.5464781604712293,-0.78125,7.624297238235361,0.5502362578596133
g20260834_ky04,20260834,4,1,0,0,0,"[17900, 20800, 32200, 29100]","[16900, 19800, 31200, 31100]",1,1,1,1,4,3,1,2,14300,middle,0.06504049897193909,0.10826943814754486,0.2805606424808502,0.5461294054985046,-5.500053882598877,0.08439938724040985,0.1539928913116455,0.36722925305366516,0.3943784832954407,-3.952736407518387,0.38317134976387024,0.41787660121917725,0.15304496884346008,0.04590706527233124,4.431969374418259,0.4384194314479828,0.3400501608848572,0.15964382886886597,0.06188653036952019,4.486954338848591,128,-5.5,5.6512837368173034,0.4995076315890959,-3.609375,6.583484914697325,0.5819033533777273,4.90625,5.733500806319206,0.5067746625108561,4.203125,6.323757697549997,0.5589464938147789
g20260834_ky06,20260834,6,1,2,1,0,"[18000, 17700, 31300, 33000]","[18000, 20300, 29700, 32000]",3,1,0,0,4,3,2,1,14000,late,0.03492710366845131,0.05308167636394501,0.2625211775302887,0.6494700908660889,-6.98318787664175,0.03851529583334923,0.08741571754217148,0.49857640266418457,0.375492662191391,-5.01441640406847,0.285624235868454,0.5735855102539062,0.11621911823749542,0.024571185931563377,4.439996067434549,0.5717681050300598,0.34945690631866455,0.05784066766500473,0.0209343321621418,6.674802683293819,64,-7.46875,4.11334934781169,0.5141686684764613,-5.5,4.186144947778269,0.5232681184722836,5.0,3.491486243775878,0.4364357804719847,7.96875,3.4271036871591267,0.42838796089489084
g20260835_ky07,20260835,7,1,3,0,0,"[16900, 33800, 29200, 20100]","[14300, 31200, 26600, 27900]",3,1,1,0,4,1,3,2,16900,late,0.00489523122087121,0.0011408340651541948,0.012901989743113518,0.9810618758201599,-9.808711068704724,0.4560891389846802,0.47709646821022034,0.05828221142292023,0.008532225154340267,6.1508261654525995,0.12495539337396622,0.29890745878219604,0.5510919690132141,0.025045184418559074,-0.00963595137000084,0.30849605798721313,0.2028396874666214,0.4676043689250946,0.02105989120900631,1.8153029419481754,128,-8.625,4.0683142826436365,0.35959157715692497,6.109375,4.63678271401711,0.40983756249625775,0.171875,5.827047137826902,0.5150430681813831,2.34375,6.607604185396258,0.5840352158612884
g20260836_ky01,20260836,1,0,1,1,0,"[23500, 26500, 26500, 23500]","[24000, 25000, 25000, 25000]",2,0,2,1,4,1,2,3,1000,early,0.22342360019683838,0.24661210179328918,0.25792965292930603,0.2720346450805664,-0.5313806533813477,0.22306226193904877,0.2461690902709961,0.2571953237056732,0.2735733389854431,-0.549215704202652,0.23101511597633362,0.24471022188663483,0.25667065382003784,0.2676040530204773,-0.41373109817504883,0.24528715014457703,0.21566085517406464,0.24970829486846924,0.2893437147140503,-0.5767554044723511,192,-0.20833333333333334,7.63282614134594,0.5508517784229614,0.21875,7.661289278126845,0.552905928383266,0.17708333333333334,7.546705937434438,0.54463658805909,-0.1875,7.690767566320172,0.5550333405862243
g20260836_ky04,20260836,4,1,0,0,0,"[15100, 22300, 40300, 22300]","[27100, 22300, 28300, 22300]",0,1,1,0,2,3,1,4,6000,middle,0.2627291679382324,0.2947632074356079,0.27463483810424805,0.16787278652191162,1.0290772914886475,0.15630947053432465,0.21410273015499115,0.2819152772426605,0.34767258167266846,-2.1848812997341156,0.32114434242248535,0.30731290578842163,0.2408527135848999,0.13069003820419312,2.1703838109970093,0.17534886300563812,0.16430498659610748,0.26223403215408325,0.39811208844184875,-2.6193484365940094,192,1.6041666666666667,7.46437145289116,0.5386946084572587,-1.1666666666666667,7.42807278306467,0.536074977607815,1.8958333333333333,7.09173867377408,0.5118021540407431,-2.3333333333333335,7.680350486476085,0.5542815526047051
g20260837_ky02,20260837,2,0,2,2,0,"[24000, 29800, 20200, 26000]","[32600, 29800, 20200, 17400]",3,0,0,0,1,2,3,4,15200,middle,0.4037175476551056,0.3201420307159424,0.19561399519443512,0.08052646368741989,3.730022981762886,0.3080763518810272,0.3208000957965851,0.2504560351371765,0.12066755443811417,2.155464217066765,0.13633179664611816,0.19371268153190613,0.31797000765800476,0.35198551416397095,-2.6535664796829224,0.12866082787513733,0.13760165870189667,0.26579490303993225,0.4679426848888397,-3.9055915474891663,128,5.203125,6.200532584440522,0.5480548296782553,2.703125,6.61941712470714,0.5850793420478471,-4.125,6.217830596183418,0.5495837723538111,-3.78125,6.833149283738668,0.6039707744239515
g20260837_ky03,20260837,3,0,3,0,0,"[32600, 29800, 20200, 17400]","[32100, 32800, 19700, 15400]",0,1,0,0,2,1,3,4,17400,middle,0.3765932023525238,0.3560207188129425,0.19831439852714539,0.06907171756029129,3.7060401290655136,0.43044090270996094,0.3456586003303528,0.1652788370847702,0.05862157791852951,4.439712300896645,0.09405659139156342,0.16812659800052643,0.38385292887687683,0.35396385192871094,-3.461977928876877,0.08569402247667313,0.10949704051017761,0.25110697746276855,0.5537020564079285,-5.246520087122917,128,3.9375,6.2339557846049445,0.5510090511139075,4.625,5.8525181335846375,0.5172944074093667,-3.75,6.5544358964948195,0.5793357586580018,-4.8125,6.561339886209387,0.5799459909010534
g20260837_ky05,20260837,5,1,1,1,1,"[30600, 31300, 21200, 15900]","[30600, 23000, 31500, 14900]",2,1,0,0,2,3,1,4,16600,late,0.3581155240535736,0.3899666965007782,0.19859923422336578,0.05331851914525032,3.8134398981928825,0.11313346028327942,0.17445826530456543,0.48478206992149353,0.22762621939182281,-2.3862228095531464,0.3995472192764282,0.3635861277580261,0.18363316357135773,0.05323350802063942,4.182948969304562,0.07365491986274719,0.05921021103858948,0.15160077810287476,0.7155340909957886,-6.788353979587555,128,4.5625,5.185913688772845,0.4583743419974277,-3.09375,5.6225607134452495,0.496968851013776,6.40625,4.44287893469386,0.3926987278391116,-7.875,4.592016351585472,0.40588073769069954
g20260838_ky02,20260838,2,0,2,0,0,"[28500, 23600, 29900, 18000]","[28800, 20000, 29900, 21300]",3,0,0,0,2,4,1,3,9900,middle,0.30627626180648804,0.2964811623096466,0.2541479170322418,0.14309461414813995,1.8011494576931,0.12855426967144012,0.1983731985092163,0.28219926357269287,0.3908732831478119,-2.958494395017624,0.33073315024375916,0.29833313822746277,0.23891840875148773,0.13201531767845154,2.2248372435569763,0.18315742909908295,0.1801125705242157,0.27250826358795166,0.3642216920852661,-2.1802254021167755,192,1.8541666666666667,7.1644543847918145,0.5170499584570436,-3.6875,7.00233693227404,0.5053501391006094,3.75,6.512171447631794,0.46997549228740143,-1.9166666666666667,7.449187968910475,0.537598834886823
g20260838_ky04,20260838,4,1,0,2,1,"[27700, 17900, 25800, 27600]","[27700, 31500, 25800, 15000]",1,1,0,0,2,1,3,4,16500,middle,0.24896301329135895,0.3180393874645233,0.31267106533050537,0.12032654136419296,1.3078380078077316,0.41314148902893066,0.3125484585762024,0.20768138766288757,0.06662862747907639,3.884596899151802,0.1978052258491516,0.28299862146377563,0.33984172344207764,0.17935442924499512,-0.042864441871643066,0.08062746375799179,0.09795986860990524,0.1808491051197052,0.6405636072158813,-5.930918380618095,128,2.28125,6.922447225551899,0.6118636719492186,4.9375,5.589289532696885,0.4940280663231195,-0.4375,6.611550379842602,0.5843840134678997,-6.78125,5.881958937707903,0.5198966314392599
g20260839_ky04,20260839,4,1,0,2,1,"[30300, 37200, 23300, 8200]","[31300, 34200, 23300, 9200]",0,1,3,2,2,1,3,4,25000,middle,0.32678836584091187,0.40583619475364685,0.22384744882583618,0.04352806508541107,3.5605579912662506,0.5058917999267578,0.33332857489585876,0.1310434341430664,0.02973620593547821,5.5706965029239655,0.11883147805929184,0.17310039699077606,0.5398025512695312,0.16826558113098145,-1.9611496478319168,0.037417761981487274,0.04165177047252655,0.12176485359668732,0.7991655468940735,-7.937930181622505,128,4.15625,5.97954189381114,0.5285218276878635,4.65625,5.595889239249894,0.4946114034803038,-1.546875,6.492708660338264,0.5738797902492264,-7.265625,5.451987104334233,0.48189213155204313
g20260840_ky03,20260840,3,0,3,0,0,"[18500, 32500, 23700, 25300]","[19000, 31000, 24200, 23800]",0,1,1,2,4,1,2,3,12000,middle,0.14859038591384888,0.1817396581172943,0.24935299158096313,0.42031702399253845,-2.987719714641571,0.3986544907093048,0.31831368803977966,0.18762744963169098,0.09540437161922455,3.5552461445331573,0.2056121528148651,0.25606071949005127,0.28155776858329773,0.25676941871643066,-0.6135608553886414,0.2255345731973648,0.21279095113277435,0.27045199275016785,0.291222482919693,-0.8875232636928558,192,-3.3229166666666665,7.743255523886736,0.558821332640008,3.65625,6.730921262882252,0.48576240037740553,-1.0208333333333333,6.7691619295612435,0.48852218277754383,0.6875,7.487948432497962,0.5403961303975918
g20260843_ky05,20260843,5,1,1,0,0,"[16900, 21700, 58600, 2800]","[24900, 17700, 56600, 800]",2,1,0,0,2,3,1,4,55800,late,0.003182801650837064,0.7993360161781311,0.1785920262336731,0.01888914220035076,2.325912554282695,0.0006669125868938863,0.13008105754852295,0.7942955493927002,0.0749564990401268,-3.399753831909038,0.9946868419647217,0.005273198243230581,3.133983045700006e-05,8.64409412315581e-06,9.96774941235708,0.001711987191811204,0.025829719379544258,0.04365725442767143,0.9288010597229004,-9.3422008655034,64,2.0,3.491486243775878,0.4364357804719847,-2.09375,3.6240762369779933,0.45300952962224916,10.0,0.0,0.0,-9.90625,0.75,0.09375
g20260843_ky06,20260843,6,1,2,0,0,"[24900, 17700, 56600, 800]","[26000, 17400, 56100, 500]",3,1,0,0,2,3,1,4,55600,late,0.0018629028927534819,0.8944774270057678,0.09783352166414261,0.005826192442327738,3.1469427258707583,0.00022329374041873962,0.05605883523821831,0.8923138976097107,0.051404017955064774,-3.85682749163243,0.9985324144363403,0.0014616301050409675,4.489940693019889e-06,1.4334981415231596e-06,9.99113837003938,0.0011356587056070566,0.010172734968364239,0.025988994166254997,0.9627026915550232,-9.678935365285724,64,3.15625,2.7326291195041277,0.34157863993801596,-3.5625,2.455153310442706,0.30689416380533824,10.0,0.0,0.0,-9.59375,2.0214622241856324,0.25268277802320405
g20260844_ky00,20260844,0,0,0,0,0,"[25000, 25000, 25000, 25000]","[25000, 25000, 25000, 25000]",1,0,1,0,1,2,3,4,0,early,0.23292666673660278,0.25346672534942627,0.2548254728317261,0.25878116488456726,-0.263979971408844,0.2260981947183609,0.24234752357006073,0.2503289580345154,0.2812253534793854,-0.5831973254680634,0.23541048169136047,0.24426430463790894,0.2540768086910248,0.2662484347820282,-0.3476295471191406,0.24596549570560455,0.2197832465171814,0.24700498580932617,0.2872462868690491,-0.5216948688030243,192,1.03125,7.652058033404926,0.5522397206801216,-0.19791666666666666,7.661858743583816,0.5529470260126256,-1.1979166666666667,7.452635489658024,0.5378476382657774,0.3645833333333333,7.59804299916123,0.548341521360011
g20260844_ky02,20260844,2,0,2,0,0,"[26300, 25000, 23700, 25000]","[25300, 24000, 22700, 27000]",3,0,1,1,2,3,4,1,4300,middle,0.25382161140441895,0.2658953368663788,0.2573073208332062,0.22297576069831848,0.34281057119369507,0.1957342028617859,0.2360628992319107,0.26912182569503784,0.29908108711242676,-1.1657045483589172,0.19706521928310394,0.2239484190940857,0.25990888476371765,0.3190775215625763,-1.3639648854732513,0.28883856534957886,0.24447253346443176,0.24451236426830292,0.22217650711536407,0.6664612591266632,192,0.5729166666666666,7.642872724990349,0.5515768281444033,-0.6354166666666666,7.808734258222154,0.5635468532518517,-1.3229166666666667,7.0048521577676075,0.5055316598650824,1.3854166666666667,7.767390273311923,0.56056310814969
g20260845_ky05,20260845,5,1,1,0,0,"[24500, 30500, 18200, 26800]","[23800, 29200, 21900, 25100]",2,1,0,0,3,1,4,2,7300,late,0.1932431310415268,0.25688472390174866,0.2929018437862396,0.2569703459739685,-0.781340628862381,0.39203011989593506,0.3335040509700775,0.1833968162536621,0.09106902033090591,3.610039934515953,0.1553644984960556,0.17909279465675354,0.2503179609775543,0.41522476077079773,-2.8835032880306244,0.23440858721733093,0.2276640683412552,0.2789924740791321,0.258934885263443,-0.4505766034126282,192,-0.4895833333333333,7.355583115351303,0.5308434864618427,4.083333333333333,6.166395447080339,0.44502125891268957,-3.1666666666666665,7.72385529791802,0.5574212419293358,-0.4270833333333333,7.359496897878132,0.5311259393862694
g20260846_ky04,20260846,4,1,0,1,0,"[23000, 28300, 16300, 32400]","[35900, 28300, 3400, 32400]",0,1,2,0,1,3,4,2,32500,middle,0.49615994095802307,0.35031604766845703,0.1420077085494995,0.011516250669956207,5.679670259356499,0.12265107780694962,0.2862684726715088,0.5491617918014526,0.041918687522411346,-0.2442493736743927,0.010774295777082443,0.015060674399137497,0.06400898098945618,0.9101560711860657,-9.189610980451107,0.2949638366699219,0.3887441158294678,0.28968140482902527,0.026610571891069412,3.0797834917902946,128,5.28125,4.8714781342625795,0.4305819028923825,-0.1875,5.994419977457513,0.5298368769175398,-9.25,3.0429989352093174,0.268965647778744,4.15625,5.75406395241693,0.5085922050168848
