decision_id,final_n,final_best,agree_n16,agree_n32,agree_n64
2024-2024091912gm-00a9-0000-86203624-06-s2-d3,128,1,True,False,False
2024-2024091912gm-00a9-0000-86203624-06-s2-d5,128,1,False,False,False
2024-2024091912gm-00a9-0000-86203624-09-s3-d17,64,2,True,True,True
2024-2024091912gm-00a9-0000-86203624-10-s3-d17,64,1,False,False,True
2024-2024091915gm-00a9-0000-7030187d-00-s3-d11,64,1,False,False,True
2024-2024091915gm-00a9-0000-7030187d-03-s3-d1,64,3,False,False,True
2024-2024091915gm-00a9-0000-7030187d-06-s0-d8,64,4,False,True,True
2024-2024091915gm-00a9-0000-7030187d-08-s1-d0,128,4,False,True,True
2024-2024091915gm-00a9-0000-7030187d-08-s2-d2,64,2,True,False,True
2024-2024091915gm-00a9-0000-7030187d-09-s1-d1,64,3,False,False,True
2024-2024091917gm-00a9-0000-24c42be7-04-s0-d17,128,4,False,False,False
2024-2024091917gm-00a9-0000-24c42be7-04-s3-d8,128,3,True,True,True
2024-2024091917gm-00a9-0000-24c42be7-06-s1-d9,64,3,True,True,True
2024-2024091917gm-00a9-0000-24c42be7-07-s0-d10,128,1,False,True,True
2024-2024091917gm-00a9-0000-24c42be7-09-s3-d7,64,4,True,True,True
2024-2024091920gm-00a9-0000-49049014-01-s1-d6,128,2,True,True,True
2024-2024091920gm-00a9-0000-49049014-01-s3-d5,64,3,False,True,True
2024-2024091920gm-00a9-0000-49049014-02-s1-d7,64,3,False,True,True
2024-2024091920gm-00a9-0000-49049014-02-s3-d10,128,2,False,False,True
2024-2024091920gm-00a9-0000-49049014-03-s0-d13,128,4,True,True,True
2024-2024091920gm-00a9-0000-49049014-03-s1-d0,64,2,False,False,True
2024-2024091920gm-00a9-0000-49049014-04-s1-d3,128,1,False,False,False
2024-2024091920gm-00a9-0000-49049014-05-s0-d8,64,1,False,True,True
2024-2024092000gm-00a9-0000-c29ace67-01-s0-d4,64,3,True,False,True
2024-2024092000gm-00a9-0000-c29ace67-06-s3-d2,64,2,False,True,True
2024-2024092000gm-00a9-0000-c29ace67-11-s3-d1,64,2,False,False,True
2024-2024092000gm-00a9-0000-c29ace67-12-s0-d0,64,2,False,True,True
2024-2024092000gm-00a9-0000-e0b6f7b7-01-s2-d14,64,1,False,False,True
2024-2024092000gm-00a9-0000-e0b6f7b7-05-s2-d5,64,2,True,True,True
2024-2024092000gm-00a9-0000-e0b6f7b7-07-s2-d15,48,2,True,True,False
2024-2024092000gm-00a9-0000-e0b6f7b7-07-s3-d1,64,4,True,False,True
2024-2024092000gm-00a9-0000-e0b6f7b7-07-s3-d19,32,2,True,True,False
2024-2024092013gm-00a9-0000-9cd6d54a-02-s3-d1,64,4,True,True,True
2024-2024092013gm-00a9-0000-9cd6d54a-06-s1-d2,64,1,True,False,True
2024-2024092013gm-00a9-0000-9cd6d54a-06-s3-d13,64,2,True,True,True
2024-2024092013gm-00a9-0000-9cd6d54a-08-s3-d12,64,3,True,True,True
2024-2024092013gm-00a9-0000-9cd6d54a-09-s2-d7,64,1,True,True,True
2024-2024092013gm-00a9-0000-9cd6d54a-10-s0-d8,48,1,True,True,False
2024-2024092101gm-00a9-0000-89973dff-00-s0-d18,64,1,False,False,True
2024-2024092101gm-00a9-0000-89973dff-00-s3-d5,64,4,True,False,True
2024-2024092101gm-00a9-0000-89973dff-01-s1-d0,64,2,False,False,True
2024-2024092101gm-00a9-0000-89973dff-02-s2-d4,64,2,False,False,True
2024-2024092101gm-00a9-0000-89973dff-03-s2-d5,128,4,False,False,True
2024-2024092101gm-00a9-0000-89973dff-03-s2-d7,64,2,True,True,True
2024-2024092101gm-00a9-0000-89973dff-06-s1-d8,64,4,True,True,True
2024-2024092123gm-00a9-0000-dc75db61-01-s1-d19,64,2,True,True,True
2024-2024092123gm-00a9-0000-dc75db61-01-s1-d5,64,1,True,True,True
2024-2024092123gm-00a9-0000-dc75db61-02-s0-d6,128,1,False,False,False
2024-2024092123gm-00a9-0000-dc75db61-02-s2-d9,64,2,True,True,True
2024-2024092213gm-00a9-0000-5f7264d2-04-s2-d1,128,2,False,False,False
2024-2024092213gm-00a9-0000-5f7264d2-07-s0-d11,128,3,False,False,True
2024-2024092213gm-00a9-0000-5f7264d2-07-s1-d6,64,1,False,False,True
2024-2024092220gm-00a9-0000-bb3aa554-02-s1-d1,64,1,True,True,True
2024-2024092220gm-00a9-0000-bb3aa554-03-s2-d5,64,1,False,True,True
2024-2024092220gm-00a9-0000-bb3aa554-03-s3-d2,64,1,True,True,True
2024-2024092220gm-00a9-0000-bb3aa554-04-s0-d8,64,3,True,False,True
2024-2024092220gm-00a9-0000-bb3aa554-05-s3-d9,64,1,False,True,True
2024-2024092220gm-00a9-0000-bb3aa554-08-s1-d2,64,4,True,True,True
2024-2024092220gm-00a9-0000-bb3aa554-11-s0-d5,64,4,True,True,True
2024-2024092223gm-00a9-0000-7e6fd370-02-s1-d2,64,2,False,False,True
2024-2024092223gm-00a9-0000-7e6fd370-05-s3-d1,128,3,False,False,False
2024-2024092223gm-00a9-0000-7e6fd370-06-s0-d9,64,3,False,True,True
2024-2024092223gm-00a9-0000-7e6fd370-06-s3-d8,64,1,False,False,True
2024-2024092223gm-00a9-0000-7e6fd370-06-s3-d9,128,4,False,False,False
2024-2024092223gm-00a9-0000-7e6fd370-07-s2-d1,64,2,True,True,True
2024-2024092300gm-00a9-0000-5808ce85-00-s1-d8,32,4,False,True,False
2024-2024092300gm-00a9-0000-5808ce85-00-s3-d11,64,1,False,False,True
2024-2024092300gm-00a9-0000-5808ce85-01-s0-d9,128,1,False,False,False
2024-2024092300gm-00a9-0000-5808ce85-02-s0-d6,64,3,False,True,True
2024-2024092300gm-00a9-0000-5808ce85-06-s2-d15,64,3,True,True,True
2024-2024092300gm-00a9-0000-5808ce85-06-s2-d19,128,4,True,True,False
2024-2024092313gm-00a9-0000-324a20ee-01-s0-d5,64,2,False,False,True
2024-2024092313gm-00a9-0000-324a20ee-01-s0-d8,64,2,True,False,True
2024-2024092313gm-00a9-0000-324a20ee-01-s3-d20,64,1,True,True,True
2024-2024092313gm-00a9-0000-324a20ee-08-s1-d10,128,1,False,True,True
2024-2024092313gm-00a9-0000-324a20ee-09-s3-d11,64,1,False,True,True
2024-2024092313gm-00a9-0000-546f9980-02-s0-d7,64,1,True,True,True
2024-2024092313gm-00a9-0000-546f9980-02-s2-d7,64,1,False,False,True
2024-2024092313gm-00a9-0000-546f9980-09-s0-d10,128,3,False,False,False
2024-2024092313gm-00a9-0000-546f9980-10-s2-d3,128,2,False,False,True
2024-2024092523gm-00a9-0000-e7bdeed7-02-s0-d17,128,2,True,True,True
2024-2024092523gm-00a9-0000-e7bdeed7-02-s1-d16,64,1,False,True,True
2024-2024092523gm-00a9-0000-e7bdeed7-03-s0-d14,64,3,False,False,True
2024-2024092523gm-00a9-0000-e7bdeed7-06-s3-d7,128,2,False,False,False
2024-2024092523gm-00a9-0000-e7bdeed7-10-s0-d0,64,3,True,True,True
2024-2024092523gm-00a9-0000-e7bdeed7-10-s2-d9,64,2,False,True,True
2024-2024092611gm-00a9-0000-4789b0e8-00-s0-d5,128,3,False,True,True
2024-2024092611gm-00a9-0000-4789b0e8-00-s3-d21,32,2,True,True,False
2024-2024092611gm-00a9-0000-4789b0e8-01-s3-d4,64,2,False,True,True
2024-2024092905gm-00a9-0000-4f383722-00-s2-d10,64,3,False,True,True
2024-2024092905gm-00a9-0000-4f383722-00-s3-d1,64,1,False,False,True
2024-2024092905gm-00a9-0000-4f383722-03-s1-d10,16,1,True,False,False
2024-2024092905gm-00a9-0000-4f383722-04-s0-d11,64,3,False,True,True
2024-2024092905gm-00a9-0000-4f383722-06-s0-d2,64,3,True,True,True
2024-2024092905gm-00a9-0000-4f383722-09-s2-d9,128,1,False,False,True
2024-2024092905gm-00a9-0000-4f383722-09-s3-d17,64,1,True,True,True
2024-2024092922gm-00a9-0000-d78d568e-01-s1-d2,64,4,True,False,True
2024-2024092922gm-00a9-0000-d78d568e-02-s3-d11,64,1,True,True,True
2024-2024092922gm-00a9-0000-d78d568e-03-s3-d12,128,3,True,False,True
2024-2024092922gm-00a9-0000-d78d568e-05-s0-d10,64,4,False,True,True
2024-2024092922gm-00a9-0000-d78d568e-05-s2-d4,64,1,True,True,True
2024-2024092922gm-00a9-0000-d78d568e-07-s0-d3,128,2,False,False,False
2024-2024092922gm-00a9-0000-d78d568e-07-s1-d5,64,1,True,True,True
2024-2024092922gm-00a9-0000-d78d568e-10-s0-d14,64,2,True,True,True
2024-2024092922gm-00a9-0000-d78d568e-10-s3-d9,64,1,False,True,True
2024-2024092922gm-00a9-0000-d78d568e-11-s1-d4,128,3,False,False,False
2024-2024093020gm-00a9-0000-4385d1bc-01-s3-d7,128,2,False,False,False
2024-2024093020gm-00a9-0000-4385d1bc-02-s3-d4,128,3,True,True,True
2024-2024093020gm-00a9-0000-4385d1bc-02-s3-d8,128,4,False,True,True
2024-2024093020gm-00a9-0000-4385d1bc-03-s1-d19,128,3,True,True,True
2024-2024093020gm-00a9-0000-4385d1bc-03-s3-d7,64,1,True,True,True
2024-2024093020gm-00a9-0000-4385d1bc-04-s2-d15,64,1,False,False,True
2024-2024093020gm-00a9-0000-4385d1bc-04-s2-d2,64,1,True,False,True
2024-2024093020gm-00a9-0000-4385d1bc-07-s1-d3,128,1,True,True,True
2024-2024093020gm-00a9-0000-4385d1bc-08-s2-d0,128,1,False,False,False
2024-2024093020gm-00a9-0000-4385d1bc-09-s3-d0,64,3,True,True,True
2024-2024093020gm-00a9-0000-4385d1bc-10-s1-d7,128,1,True,True,True
2024-2024093020gm-00a9-0000-4385d1bc-11-s3-d0,64,2,False,True,True
2024-2024093020gm-00a9-0000-4385d1bc-13-s1-d6,64,2,False,True,True
2024-2024093020gm-00a9-0000-4385d1bc-14-s3-d14,128,2,True,True,True
2024-2024100103gm-00a9-0000-6b5f32dc-02-s0-d10,64,2,False,False,True
2024-2024100103gm-00a9-0000-6b5f32dc-03-s2-d4,128,4,False,False,False
2024-2024100121gm-00a9-0000-c39c6e95-00-s3-d1,128,1,False,False,False
2024-2024100121gm-00a9-0000-c39c6e95-09-s0-d14,128,3,False,False,False
2024-2024100121gm-00a9-0000-c39c6e95-10-s2-d15,128,2,True,True,True
2024-2024100121gm-00a9-0000-c39c6e95-12-s0-d16,128,4,False,True,False
2024-2024100121gm-00a9-0000-c39c6e95-12-s2-d6,64,2,False,True,True
2024-2024100121gm-00a9-0000-c39c6e95-13-s2-d10,64,1,True,True,True
2024-2024100200gm-00a9-0000-0aacab28-03-s0-d2,128,2,True,False,True
2024-2024100200gm-00a9-0000-0aacab28-04-s1-d0,64,4,False,True,True
2024-2024100200gm-00a9-0000-0aacab28-05-s2-d15,64,3,False,False,True
2024-2024100200gm-00a9-0000-0aacab28-06-s0-d0,64,1,False,True,True
2024-2024100200gm-00a9-0000-0aacab28-09-s0-d2,64,2,True,True,True
2024-2024100200gm-00a9-0000-0aacab28-11-s2-d0,64,2,False,False,True
2024-2024100200gm-00a9-0000-0aacab28-12-s0-d21,64,3,True,True,True
2024-2024100216gm-00a9-0000-2cbf5f5f-01-s1-d6,64,1,True,True,True
2024-2024100216gm-00a9-0000-2cbf5f5f-03-s1-d5,128,4,False,True,True
2024-2024100216gm-00a9-0000-2cbf5f5f-04-s2-d9,64,1,False,True,True
2024-2024100216gm-00a9-0000-2cbf5f5f-05-s3-d9,128,1,False,True,True
2024-2024100219gm-00a9-0000-04bc459d-00-s0-d1,128,1,False,False,True
2024-2024100219gm-00a9-0000-04bc459d-00-s1-d2,128,2,True,True,True
2024-2024100219gm-00a9-0000-04bc459d-02-s1-d6,64,4,False,False,True
2024-2024100219gm-00a9-0000-04bc459d-02-s3-d17,64,2,True,True,True
2024-2024122023gm-00a9-0000-df6602c9-00-s2-d5,64,3,False,True,True
2024-2024122023gm-00a9-0000-df6602c9-02-s2-d15,64,4,True,True,True
2024-2024122101gm-00a9-0000-c77ef6cc-08-s2-d5,64,2,False,False,True
2024-2024122101gm-00a9-0000-c77ef6cc-09-s0-d10,64,1,True,True,True
2024-2024122320gm-00a9-0000-31d91b67-00-s0-d1,64,3,False,False,True
2024-2024122320gm-00a9-0000-31d91b67-09-s3-d7,64,4,True,True,True
2024-2024122403gm-00a9-0000-ea9d4781-07-s1-d8,64,2,False,False,True
2024-2024122418gm-00a9-0000-47dd466b-00-s2-d0,64,2,True,True,True
2024-2024122418gm-00a9-0000-47dd466b-01-s2-d7,64,1,True,True,True
2024-2024122418gm-00a9-0000-47dd466b-03-s1-d5,64,1,False,False,True
2024-2024122418gm-00a9-0000-47dd466b-04-s2-d9,128,4,True,True,True
2024-2024122418gm-00a9-0000-f2e7a0a6-03-s0-d11,64,1,True,True,True
2024-2024122418gm-00a9-0000-f2e7a0a6-06-s0-d5,64,3,False,True,True
2024-2024122510gm-00a9-0000-281f1a32-00-s2-d8,64,3,True,True,True
2024-2024122510gm-00a9-0000-281f1a32-05-s3-d4,64,3,True,True,True
2024-2024122510gm-00a9-0000-281f1a32-06-s2-d9,64,2,False,False,True
2024-2024122622gm-00a9-0000-29244a39-01-s0-d3,64,3,False,False,True
2024-2024122622gm-00a9-0000-5e56ec3a-08-s1-d1,64,1,False,True,True
2024-2024122700gm-00a9-0000-71a08711-07-s2-d2,128,2,False,False,False
2024-2024122714gm-00a9-0000-1f8c2640-02-s2-d7,64,2,True,True,True
2024-2024122714gm-00a9-0000-1f8c2640-04-s0-d12,64,1,True,True,True
2024-2024122714gm-00a9-0000-1f8c2640-05-s0-d12,128,2,True,True,True
2024-2024122719gm-00a9-0000-cdea5b6a-10-s1-d15,64,3,False,False,True
2024-2024122803gm-00a9-0000-f48082aa-02-s3-d11,64,4,True,True,True
2024-2024122803gm-00a9-0000-f48082aa-10-s1-d6,64,1,False,False,True
2024-2024122817gm-00a9-0000-d56449ed-01-s0-d15,64,4,True,True,True
2024-2024122817gm-00a9-0000-d56449ed-02-s3-d8,128,2,False,True,True
2024-2024122817gm-00a9-0000-d56449ed-05-s1-d2,64,3,False,True,True
2024-2024122921gm-00a9-0000-849c5aa4-12-s3-d10,64,2,True,True,True
2024-2024123020gm-00a9-0000-d4b5e627-01-s3-d3,64,3,False,False,True
2024-2024123020gm-00a9-0000-d4b5e627-12-s0-d9,64,3,False,False,True
2024-2024123104gm-00a9-0000-f69869df-01-s0-d12,32,2,True,True,False
2024-2024123104gm-00a9-0000-f69869df-04-s1-d7,64,1,True,True,True
2025-2025010923gm-00a9-0000-65e0833f-00-s2-d1,64,2,False,True,True
2025-2025010923gm-00a9-0000-65e0833f-00-s3-d6,64,1,True,False,True
2025-2025010923gm-00a9-0000-65e0833f-05-s3-d2,64,1,True,True,True
2025-2025010923gm-00a9-0000-65e0833f-08-s3-d2,64,1,True,True,True
2025-2025010923gm-00a9-0000-65e0833f-10-s1-d17,32,1,True,True,False
2025-2025011009gm-00a9-0000-797d5924-02-s1-d10,64,3,False,False,True
2025-2025011009gm-00a9-0000-797d5924-03-s0-d4,64,3,True,False,True
2025-2025011014gm-00a9-0000-9ea4d5cd-02-s1-d7,64,4,True,False,True
2025-2025011014gm-00a9-0000-9ea4d5cd-05-s0-d18,128,3,True,True,True
2025-2025011014gm-00a9-0000-9ea4d5cd-06-s0-d14,64,2,True,True,True
2025-2025011014gm-00a9-0000-9ea4d5cd-07-s3-d10,128,2,False,False,False
2025-2025011015gm-00a9-0000-3c8247e4-00-s1-d5,128,1,True,True,False
2025-2025011015gm-00a9-0000-3c8247e4-00-s2-d5,64,2,True,True,True
2025-2025011015gm-00a9-0000-3c8247e4-01-s3-d2,64,3,True,True,True
2025-2025011015gm-00a9-0000-3c8247e4-02-s0-d11,128,3,True,False,True
2025-2025011015gm-00a9-0000-3c8247e4-02-s0-d23,64,1,False,False,True
2025-2025011015gm-00a9-0000-3c8247e4-04-s0-d9,64,1,True,True,True
2025-2025011015gm-00a9-0000-3c8247e4-09-s1-d6,64,1,False,False,True
2025-2025011023gm-00a9-0000-6d5806f0-01-s0-d16,64,1,True,True,True
2025-2025011023gm-00a9-0000-6d5806f0-05-s0-d13,64,4,True,True,True
2025-2025011023gm-00a9-0000-6d5806f0-05-s0-d4,64,1,False,False,True
2025-2025011023gm-00a9-0000-6d5806f0-09-s1-d11,64,3,False,True,True
2025-2025011023gm-00a9-0000-6d5806f0-10-s2-d5,128,2,False,False,False
2025-2025011023gm-00a9-0000-6d5806f0-11-s3-d1,64,4,True,True,True
2025-2025011102gm-00a9-0000-034cfa13-01-s2-d3,64,1,True,True,True
2025-2025011102gm-00a9-0000-034cfa13-03-s1-d12,64,3,False,False,True
2025-2025011102gm-00a9-0000-034cfa13-09-s3-d4,64,4,True,False,True
2025-2025011102gm-00a9-0000-034cfa13-10-s1-d4,128,2,False,True,True
2025-2025011102gm-00a9-0000-034cfa13-10-s2-d0,64,4,False,True,True
2025-2025011102gm-00a9-0000-034cfa13-11-s3-d2,64,4,True,True,True
2025-2025011111gm-00a9-0000-44d5eaac-00-s2-d16,128,4,True,True,True
2025-2025011111gm-00a9-0000-44d5eaac-02-s2-d10,128,2,True,False,True
2025-2025011111gm-00a9-0000-44d5eaac-04-s1-d14,64,2,True,True,True
2025-2025011111gm-00a9-0000-44d5eaac-05-s1-d2,128,2,True,True,True
2025-2025011111gm-00a9-0000-44d5eaac-09-s0-d1,64,4,False,False,True
2025-2025011200gm-00a9-0000-18c17918-01-s0-d2,64,3,True,True,True
2025-2025011200gm-00a9-0000-18c17918-01-s0-d4,64,1,True,True,True
2025-2025011200gm-00a9-0000-18c17918-02-s3-d4,64,3,False,False,True
2025-2025011200gm-00a9-0000-18c17918-08-s0-d2,64,3,True,False,True
2025-2025011200gm-00a9-0000-18c17918-09-s0-d4,128,1,False,False,False
2025-2025011200gm-00a9-0000-18c17918-09-s3-d5,64,3,True,True,True
2025-2025011200gm-00a9-0000-18c17918-10-s0-d3,128,1,True,True,True
2025-2025011200gm-00a9-0000-18c17918-10-s0-d7,64,1,True,True,True
2025-2025011200gm-00a9-0000-18c17918-12-s2-d4,128,2,False,True,True
2025-2025011200gm-00a9-0000-18c17918-14-s0-d0,64,4,False,False,True
2025-2025011200gm-00a9-0000-18c17918-15-s0-d5,64,3,False,False,True
2025-2025011200gm-00a9-0000-18c17918-16-s1-d6,64,3,False,True,True
2025-2025011210gm-00a9-0000-65465afe-00-s3-d11,48,1,True,True,False
2025-2025011210gm-00a9-0000-65465afe-00-s3-d2,128,1,True,True,True
2025-2025011210gm-00a9-0000-65465afe-05-s1-d12,64,4,False,False,True
2025-2025011210gm-00a9-0000-65465afe-06-s0-d14,64,2,False,False,True
2025-2025011210gm-00a9-0000-65465afe-06-s0-d15,128,4,False,False,False
2025-2025011210gm-00a9-0000-65465afe-06-s1-d15,128,2,True,True,True
2025-2025011217gm-00a9-0000-dafeed52-08-s1-d10,64,1,True,True,True
2025-2025011217gm-00a9-0000-dafeed52-08-s1-d2,64,1,False,True,True
2025-2025011217gm-00a9-0000-dafeed52-09-s3-d8,64,1,True,True,True
2025-2025011221gm-00a9-0000-22bab0de-00-s1-d0,128,1,False,True,True
2025-2025011221gm-00a9-0000-22bab0de-04-s1-d4,64,3,True,True,True
2025-2025011221gm-00a9-0000-22bab0de-05-s0-d1,64,3,True,True,True
2025-2025011221gm-00a9-0000-22bab0de-08-s1-d6,64,2,True,True,True
2025-2025011221gm-00a9-0000-22bab0de-08-s3-d12,64,2,False,True,True
2025-2025011223gm-00a9-0000-7704598d-02-s0-d2,64,3,True,True,True
2025-2025011223gm-00a9-0000-7704598d-02-s1-d6,64,3,False,False,True
2025-2025011223gm-00a9-0000-7704598d-02-s3-d2,128,1,False,False,False
2025-2025011223gm-00a9-0000-7704598d-03-s0-d9,64,3,True,True,True
2025-2025011223gm-00a9-0000-7704598d-06-s0-d3,128,3,False,True,True
2025-2025011223gm-00a9-0000-7704598d-06-s3-d0,128,1,False,True,False
2025-2025011223gm-00a9-0000-7704598d-09-s2-d11,128,3,False,True,True
2025-2025011500gm-00a9-0000-30b78cb2-05-s0-d18,128,1,True,False,True
2025-2025011500gm-00a9-0000-30b78cb2-05-s3-d9,64,1,True,True,True
2025-2025011500gm-00a9-0000-30b78cb2-07-s3-d8,64,1,True,True,True
2025-2025011500gm-00a9-0000-30b78cb2-08-s1-d18,64,2,True,True,True
2025-2025011500gm-00a9-0000-30b78cb2-11-s2-d14,64,1,True,True,True
2025-2025011511gm-00a9-0000-da96440f-00-s0-d1,64,1,False,False,True
2025-2025011511gm-00a9-0000-da96440f-01-s2-d5,64,2,True,True,True
2025-2025011511gm-00a9-0000-da96440f-04-s0-d15,64,2,True,False,True
2025-2025011511gm-00a9-0000-da96440f-06-s2-d8,64,4,False,True,True
2025-2025040815gm-00a9-0000-3be4a59c-04-s2-d12,128,3,False,False,True
2025-2025040815gm-00a9-0000-3be4a59c-06-s3-d11,64,4,True,True,True
2025-2025040815gm-00a9-0000-3be4a59c-08-s1-d4,128,2,True,True,True
2025-2025040815gm-00a9-0000-3be4a59c-09-s1-d5,64,2,True,True,True
2025-2025040815gm-00a9-0000-3be4a59c-09-s2-d16,64,2,True,True,True
2025-2025040817gm-00a9-0000-b8b0f594-01-s2-d12,48,1,True,True,False
2025-2025040817gm-00a9-0000-b8b0f594-01-s3-d7,64,1,True,False,True
2025-2025040817gm-00a9-0000-b8b0f594-02-s1-d0,64,3,True,True,True
2025-2025040817gm-00a9-0000-b8b0f594-06-s3-d0,64,4,False,True,True
2025-2025040820gm-00a9-0000-57062ba3-00-s2-d4,64,4,True,False,True
2025-2025040820gm-00a9-0000-57062ba3-01-s1-d1,128,4,True,True,True
2025-2025040820gm-00a9-0000-57062ba3-01-s3-d4,64,1,False,True,True
2025-2025040820gm-00a9-0000-57062ba3-04-s2-d3,64,1,True,True,True
2025-2025040820gm-00a9-0000-57062ba3-05-s2-d13,64,2,True,True,True
2025-2025040820gm-00a9-0000-57062ba3-08-s0-d7,64,1,True,True,True
2025-2025040820gm-00a9-0000-57062ba3-08-s3-d17,64,2,True,True,True
2025-2025040820gm-00a9-0000-57062ba3-09-s1-d3,64,2,False,False,True
2025-2025040821gm-00a9-0000-b7ac449d-00-s2-d6,64,4,True,True,True
2025-2025040821gm-00a9-0000-b7ac449d-01-s0-d4,64,1,False,True,True
2025-2025040821gm-00a9-0000-b7ac449d-01-s2-d0,64,1,False,True,True
2025-2025040821gm-00a9-0000-b7ac449d-02-s0-d0,64,1,False,False,True
2025-2025040821gm-00a9-0000-b7ac449d-06-s3-d8,64,1,True,True,True
2025-2025040821gm-00a9-0000-b7ac449d-07-s1-d14,64,3,False,False,True
2025-2025040821gm-00a9-0000-b7ac449d-09-s0-d6,64,1,False,True,True
2025-2025040821gm-00a9-0000-b7ac449d-09-s2-d4,64,4,False,True,True
2025-2025040821gm-00a9-0000-b7ac449d-10-s2-d9,64,1,True,True,True
2025-2025040821gm-00a9-0000-b7ac449d-11-s2-d6,64,3,False,False,True
2025-2025040921gm-00a9-0000-9f24706f-01-s2-d1,64,4,False,True,True
2025-2025040921gm-00a9-0000-9f24706f-03-s2-d1,128,1,False,True,False
2025-2025040921gm-00a9-0000-9f24706f-04-s1-d3,32,1,True,True,False
2025-2025040921gm-00a9-0000-9f24706f-06-s1-d7,64,1,True,True,True
2025-2025040921gm-00a9-0000-9f24706f-08-s0-d8,64,2,False,False,True
2025-2025040921gm-00a9-0000-9f24706f-08-s2-d3,64,4,False,True,True
2025-2025041017gm-00a9-0000-5584369a-05-s1-d9,128,1,False,True,False
2025-2025041017gm-00a9-0000-5584369a-09-s0-d19,64,4,True,True,True
2025-2025041017gm-00a9-0000-5584369a-09-s3-d1,64,1,False,False,True
2025-2025041017gm-00a9-0000-5584369a-11-s0-d4,128,2,True,True,True
2025-2025041017gm-00a9-0000-b39f2649-03-s3-d8,128,2,False,False,True
2025-2025041017gm-00a9-0000-b39f2649-05-s3-d12,64,3,False,True,True
2025-2025041017gm-00a9-0000-b39f2649-06-s2-d7,128,1,True,True,True
2025-2025041017gm-00a9-0000-b39f2649-06-s3-d13,64,1,True,False,True
2025-2025041017gm-00a9-0000-b39f2649-07-s2-d8,64,1,True,True,True
2025-2025041017gm-00a9-0000-b39f2649-10-s0-d1,128,4,True,True,False
2025-2025041017gm-00a9-0000-b39f2649-10-s2-d20,64,4,True,True,True
2025-2025041204gm-00a9-0000-7c4cdbd5-00-s2-d7,128,3,False,True,True
2025-2025041204gm-00a9-0000-7c4cdbd5-01-s2-d6,64,1,True,True,True
2025-2025041204gm-00a9-0000-7c4cdbd5-04-s0-d0,64,4,False,False,True
2025-2025041216gm-00a9-0000-3d010e8a-02-s1-d9,64,2,True,True,True
2025-2025041216gm-00a9-0000-3d010e8a-05-s0-d2,128,1,True,True,True
2025-2025041216gm-00a9-0000-3d010e8a-05-s1-d12,128,3,True,False,True
2025-2025041216gm-00a9-0000-3d010e8a-06-s2-d5,64,3,True,True,True
2025-2025041216gm-00a9-0000-3d010e8a-08-s0-d1,64,1,True,False,True
2025-2025041216gm-00a9-0000-3d010e8a-09-s0-d1,64,2,True,False,True
2025-2025041216gm-00a9-0000-3d010e8a-10-s0-d10,64,1,True,True,True
2025-2025041216gm-00a9-0000-3d010e8a-11-s3-d2,64,2,True,False,True
2025-2025041216gm-00a9-0000-e52dffef-05-s2-d20,64,3,True,True,True
2025-2025041216gm-00a9-0000-e52dffef-06-s1-d9,128,2,True,True,False
2025-2025041216gm-00a9-0000-e52dffef-07-s2-d9,64,2,False,False,True
2025-2025041216gm-00a9-0000-e52dffef-07-s3-d2,64,2,True,True,True
2025-2025041217gm-00a9-0000-a3087215-00-s3-d6,64,2,False,True,True
2025-2025041217gm-00a9-0000-a3087215-02-s0-d1,128,2,False,False,True
2025-2025041217gm-00a9-0000-a3087215-03-s0-d6,128,4,True,True,False
2025-2025041217gm-00a9-0000-a3087215-06-s0-d11,128,3,True,True,True
2025-2025041217gm-00a9-0000-a3087215-08-s0-d9,64,1,True,True,True
2025-2025041217gm-00a9-0000-a3087215-08-s2-d19,32,1,True,True,False
2025-2025041217gm-00a9-0000-a3087215-09-s2-d5,64,3,True,True,True
2025-2025041217gm-00a9-0000-a3087215-11-s0-d6,128,2,True,True,True
2025-2025041221gm-00a9-0000-d8d9d627-04-s2-d7,128,2,False,False,False
2025-2025041221gm-00a9-0000-d8d9d627-05-s0-d4,64,2,False,False,True
2025-2025041221gm-00a9-0000-d8d9d627-05-s1-d3,64,2,False,True,True
2025-2025041221gm-00a9-0000-d8d9d627-06-s0-d4,128,3,False,False,False
2025-2025041221gm-00a9-0000-d8d9d627-07-s1-d3,64,1,True,True,True
2025-2025041221gm-00a9-0000-d8d9d627-08-s2-d2,64,1,True,False,True
2025-2025041221gm-00a9-0000-d8d9d627-11-s1-d1,128,1,True,False,False
2025-2025041222gm-00a9-0000-8add91ad-00-s1-d1,64,3,False,False,True
2025-2025041222gm-00a9-0000-8add91ad-00-s3-d8,128,3,False,False,True
2025-2025041222gm-00a9-0000-8add91ad-02-s0-d13,64,2,True,True,True
2025-2025041222gm-00a9-0000-8add91ad-02-s0-d6,128,3,False,False,True
2025-2025041222gm-00a9-0000-8add91ad-05-s2-d15,128,2,True,True,True
2025-2025041222gm-00a9-0000-8add91ad-06-s0-d3,128,1,True,True,True
2025-2025041222gm-00a9-0000-8add91ad-06-s1-d7,64,4,True,True,True
2025-2025041222gm-00a9-0000-8add91ad-06-s3-d0,64,3,False,False,True
2025-2025041222gm-00a9-0000-8add91ad-09-s2-d0,128,3,False,False,True
2025-2025041300gm-00a9-0000-884209f2-00-s3-d16,64,2,True,True,True
2025-2025041300gm-00a9-0000-884209f2-02-s1-d3,128,2,False,True,True
2025-2025041300gm-00a9-0000-884209f2-05-s0-d2,128,1,False,False,False
2025-2025041300gm-00a9-0000-884209f2-07-s1-d23,64,3,True,True,True
2025-2025041300gm-00a9-0000-884209f2-09-s1-d4,64,2,True,False,True
2025-2025041300gm-00a9-0000-884209f2-11-s0-d11,64,3,True,True,True
2025-2025041311gm-00a9-0000-5f819544-00-s1-d11,64,4,False,False,True
2025-2025041311gm-00a9-0000-5f819544-02-s3-d14,64,1,True,True,True
2025-2025041311gm-00a9-0000-5f819544-03-s2-d11,128,4,False,False,False
2025-2025041311gm-00a9-0000-5f819544-05-s2-d3,128,2,True,True,True
2025-2025041311gm-00a9-0000-5f819544-10-s3-d2,64,3,True,True,True
2025-2025041314gm-00a9-0000-447ba93f-01-s2-d0,64,1,False,True,True
2025-2025041314gm-00a9-0000-447ba93f-06-s3-d5,64,1,False,False,True
2025-2025041314gm-00a9-0000-447ba93f-08-s2-d8,96,4,False,False,True
2025-2025041314gm-00a9-0000-447ba93f-10-s2-d5,64,4,False,False,True
2025-2025041317gm-00a9-0000-009de259-00-s0-d15,64,4,False,False,True
2025-2025041317gm-00a9-0000-009de259-01-s0-d22,64,3,True,True,True
2025-2025041520gm-00a9-0000-d292f784-01-s1-d1,64,2,True,True,True
2025-2025041520gm-00a9-0000-d292f784-01-s1-d5,64,2,True,True,True
2025-2025041520gm-00a9-0000-d292f784-02-s3-d5,64,3,True,True,True
2025-2025041520gm-00a9-0000-d292f784-03-s3-d0,64,2,False,False,True
2025-2025041520gm-00a9-0000-d292f784-04-s0-d16,64,4,True,True,True
2025-2025041520gm-00a9-0000-d292f784-04-s0-d7,64,1,True,True,True
2025-2025041520gm-00a9-0000-d292f784-04-s1-d10,64,1,False,False,True
2025-2025041520gm-00a9-0000-d292f784-05-s3-d0,64,1,False,False,True
2025-2025041520gm-00a9-0000-d292f784-07-s1-d10,128,3,False,False,False
2025-2025041520gm-00a9-0000-d292f784-08-s1-d0,64,1,True,True,True
2025-2025041522gm-00a9-0000-b0bc1a7b-01-s1-d2,64,2,True,True,True
2025-2025041522gm-00a9-0000-b0bc1a7b-05-s0-d0,128,4,True,True,True
2025-2025041522gm-00a9-0000-b0bc1a7b-05-s2-d11,128,4,True,True,True
2025-2025041522gm-00a9-0000-b0bc1a7b-06-s1-d6,128,4,False,False,True
2025-2025041612gm-00a9-0000-17df09bd-01-s0-d3,64,1,True,True,True
2025-2025041612gm-00a9-0000-17df09bd-01-s2-d6,64,1,True,True,True
2025-2025041612gm-00a9-0000-17df09bd-03-s3-d0,128,4,False,False,False
2025-2025041612gm-00a9-0000-17df09bd-05-s1-d4,128,1,False,True,True
2025-2025041612gm-00a9-0000-17df09bd-05-s2-d2,64,3,True,True,True
2025-2025041612gm-00a9-0000-17df09bd-05-s2-d7,64,1,True,True,True
2025-2025041618gm-00a9-0000-e2c616d9-03-s3-d7,64,2,True,True,True
2025-2025041618gm-00a9-0000-e2c616d9-06-s2-d12,64,1,True,True,True
2025-2025041618gm-00a9-0000-e2c616d9-10-s1-d3,64,2,True,False,True
2025-2025041619gm-00a9-0000-31ca159b-01-s2-d19,80,4,True,True,True
2025-2025041619gm-00a9-0000-31ca159b-07-s0-d1,64,2,True,True,True
2025-2025041622gm-00a9-0000-82e8b63b-01-s2-d18,64,1,False,False,True
2025-2025041622gm-00a9-0000-82e8b63b-02-s0-d20,64,1,True,True,True
2025-2025041622gm-00a9-0000-82e8b63b-02-s2-d4,64,2,False,False,True
2025-2025041622gm-00a9-0000-82e8b63b-04-s1-d13,48,1,True,True,False
2025-2025041716gm-00a9-0000-248298e2-00-s0-d8,128,3,True,True,True
2025-2025041716gm-00a9-0000-248298e2-00-s3-d2,64,4,True,True,True
2025-2025041716gm-00a9-0000-248298e2-01-s0-d9,64,1,False,True,True
2025-2025041716gm-00a9-0000-248298e2-02-s3-d2,64,1,False,False,True
2025-2025041716gm-00a9-0000-248298e2-05-s1-d8,64,2,True,True,True
2025-2025041716gm-00a9-0000-248298e2-06-s1-d13,64,3,False,False,True
2025-2025122620gm-00a9-0000-0e700f01-03-s2-d11,128,1,True,True,True
2025-2025122620gm-00a9-0000-0e700f01-04-s3-d11,128,4,True,True,True
2025-2025122620gm-00a9-0000-0e700f01-05-s1-d4,64,3,False,True,True
2025-2025122620gm-00a9-0000-0e700f01-06-s0-d0,64,4,True,True,True
2025-2025122807gm-00a9-0000-c1328d8f-00-s3-d8,64,4,True,True,True
2025-2025122807gm-00a9-0000-c1328d8f-01-s3-d4,64,3,False,True,True
2025-2025122807gm-00a9-0000-c1328d8f-03-s2-d1,64,4,True,True,True
2025-2025122807gm-00a9-0000-c1328d8f-04-s2-d7,64,4,True,True,True
2025-2025122807gm-00a9-0000-c1328d8f-08-s1-d13,64,1,False,False,True
2025-2025122807gm-00a9-0000-c1328d8f-10-s1-d12,64,2,True,True,True
2025-2025122819gm-00a9-0000-ec66618b-01-s1-d3,64,3,True,False,True
2025-2025122819gm-00a9-0000-ec66618b-02-s3-d5,128,3,False,False,True
2025-2025122819gm-00a9-0000-ec66618b-05-s1-d1,64,1,False,True,True
2025-2025122819gm-00a9-0000-ec66618b-05-s2-d6,64,1,True,True,True
2025-2025122819gm-00a9-0000-ec66618b-09-s0-d7,128,2,False,False,False
2025-2025122914gm-00a9-0000-be67f40d-01-s3-d1,64,1,False,False,True
2025-2025122914gm-00a9-0000-be67f40d-04-s2-d6,64,3,True,True,True
2025-2025122914gm-00a9-0000-be67f40d-05-s2-d3,128,1,True,False,False
2025-2025122914gm-00a9-0000-be67f40d-05-s3-d1,64,4,True,True,True
2025-2025123119gm-00a9-0000-4c392a7b-00-s3-d13,128,1,False,False,True
2025-2025123119gm-00a9-0000-4c392a7b-00-s3-d17,64,1,False,True,True
2025-2025123119gm-00a9-0000-4c392a7b-03-s0-d0,64,1,True,False,True
2025-2025123119gm-00a9-0000-4c392a7b-04-s0-d7,64,3,False,True,True
2025-2025123119gm-00a9-0000-4c392a7b-04-s3-d10,128,4,True,True,True
2025-2025123119gm-00a9-0000-4c392a7b-06-s0-d21,64,3,True,True,True
2025-2025123119gm-00a9-0000-4c392a7b-06-s0-d3,64,1,True,True,True
2025-2025123119gm-00a9-0000-4c392a7b-07-s1-d10,48,1,False,True,False
2025-2025123121gm-00a9-0000-1ceba434-05-s0-d8,64,2,True,True,True
2025-2025123121gm-00a9-0000-1ceba434-07-s3-d9,128,2,True,True,True
2025-2025123121gm-00a9-0000-60ebef25-09-s0-d4,64,3,True,True,True
2025-2025123121gm-00a9-0000-60ebef25-11-s1-d2,64,3,False,False,True
2025-2025123121gm-00a9-0000-60ebef25-12-s1-d11,64,2,True,True,True
