decision_id,year,game_id,kyoku_index,seat,decision_index,expert_action,top1_action,top2_action,top3_action,top4_action,pi1,pi2,pi3,pi4,gap12,gap13,gap14,log_gap12,policy_entropy,top4_cum_prob,expert_is_top1,expert_in_top4,gap_bucket,n_worlds,mean_a,mean_b,mean_c,mean_d,std_a,std_b,std_c,std_d,se_a,se_b,se_c,se_d,delta_ba_mean,delta_ba_std,delta_ba_se,delta_ba_ci95_lo,delta_ba_ci95_hi,delta_ca_mean,delta_ca_std,delta_ca_se,delta_ca_ci95_lo,delta_ca_ci95_hi,delta_da_mean,delta_da_std,delta_da_se,delta_da_ci95_lo,delta_da_ci95_hi,teacher_best,verdict95,verdict80,determined95,determined80,group,audit_b_rank,audit_b_action,matched_override_id,match_distance
2024-2024091917gm-00a9-0000-24c42be7-07-s0-d10,2024,2024091917gm-00a9-0000-24c42be7,7,0,10,22,15,22,65,41,0.5049077868461609,0.49484002590179443,0.00018877327966038138,2.6010729925474152e-05,0.010067760944366455,0.5047190135665005,0.5048817761162354,0.02014128195885645,0.6954870820045471,0.9999625967575412,False,True,lt005,128,-4.780024677891561,-5.071661252493868,-5.067830342429261,-6.009150064558526,3.2901903996237727,3.0895187180033874,3.446714160959253,2.358467977818232,0.2908144928711058,0.27307745451287047,0.30464936950324867,0.20846108754082443,-0.2916365746023075,3.434549233344769,0.303574131652143,-0.8866418726405078,0.3033687234358927,-0.28780566453770007,4.00411169275664,0.35391681632207067,-0.9814826245289586,0.4058712954535585,-1.229125386666965,3.3559186044087403,0.2966241002859394,-1.8105086232274061,-0.6477421501065237,1,keep_top1,keep_top1,False,False,keep_control,3,65,2024-2024092213gm-00a9-0000-5f7264d2-07-s0-d11,0.8878
2024-2024091920gm-00a9-0000-49049014-05-s0-d8,2024,2024091920gm-00a9-0000-49049014,5,0,8,29,50,29,47,27,0.6955512166023254,0.185750812292099,0.05441058427095413,0.05356192588806152,0.5098004043102264,0.6411406323313713,0.6419892907142639,1.3202985919989243,0.936564028263092,0.9892745390534401,False,True,50_70,64,-2.349384499306325,-3.208279271131687,-3.1543149440494744,-2.9444545448350254,2.5761293802143985,2.937839642608168,2.5276797665433923,2.2979229564799497,0.3220161725267998,0.367229955326021,0.31595997081792404,0.2872403695599937,-0.8588947718253621,3.5342350393183017,0.4417793799147877,-1.724782356458346,0.006992812807621762,-0.8049304447431496,3.392993388931404,0.4241241736164255,-1.6362138250313436,0.026352935545044476,-0.5950700455287006,2.99985154047645,0.37498144255955623,-1.3300336729454307,0.13989358188802958,1,keep_top1,keep_top1,False,True,keep_control,4,27,2025-2025011023gm-00a9-0000-6d5806f0-05-s0-d13,1.2995
2024-2024092213gm-00a9-0000-5f7264d2-07-s1-d6,2024,2024092213gm-00a9-0000-5f7264d2,7,1,6,50,50,17,57,3,0.527621328830719,0.2069433629512787,0.13572555780410767,0.04241608455777168,0.3206779658794403,0.39189577102661133,0.4852052442729473,0.9359336992680375,1.3980262279510498,0.912706334143877,True,True,20_50,64,-2.434438595200845,-2.6591660082694943,-2.847762302191768,-2.7092913724153505,2.6311990819200153,2.623058324889945,2.6681410898313054,2.9313515511553905,0.3288998852400019,0.32788229061124313,0.3335176362289132,0.3664189438944238,-0.22472741306864918,3.5005421662441893,0.43756777078052367,-1.0823602437984756,0.6329054176611771,-0.4133237069909228,3.4218877222273174,0.4277359652784147,-1.2516861989366155,0.42503878495477,-0.2748527772145053,3.5544689707691823,0.4443086213461478,-1.145697675052955,0.5959921206239444,1,keep_top1,keep_top1,False,False,keep_control,2,17,2024-2024092000gm-00a9-0000-e0b6f7b7-05-s2-d5,1.474
2024-2024092523gm-00a9-0000-e7bdeed7-02-s1-d16,2024,2024092523gm-00a9-0000-e7bdeed7,2,1,16,134,134,0,-1,-1,0.7848214507102966,0.21517854928970337,0.0,0.0,0.5696429014205933,0.7848214507102966,0.7848214507102966,1.2939880952893492,0.5207375288009644,1.0,True,True,50_70,64,0.1828683060593903,-0.3099161577410996,nan,nan,1.5167506002506388,1.8721069179051073,nan,nan,0.18959382503132985,0.2340133647381384,nan,nan,-0.4927844638004899,2.2954957767803785,0.2869369720975473,-1.0551809291116827,0.06961200151070279,nan,nan,nan,nan,nan,nan,nan,nan,nan,nan,1,keep_top1,keep_top1,False,False,keep_control,2,0,2024-2024123104gm-00a9-0000-f69869df-01-s0-d12,0.9517
2024-2024092905gm-00a9-0000-4f383722-09-s2-d9,2024,2024092905gm-00a9-0000-4f383722,9,2,9,67,19,65,67,41,0.3478798270225525,0.3223249018192291,0.24685846269130707,0.07432186603546143,0.025554925203323364,0.10102136433124542,0.27355796098709106,0.0762970467932822,1.3154386281967163,0.9913850575685501,False,True,lt005,128,-0.216560099125644,-0.22833229751375939,-0.26500450636385153,-0.3251882265118269,2.2337035181643543,2.1394109164559407,1.9902693597471943,2.0631198312731502,0.19743336310678292,0.18909899584631523,0.17591662008313116,0.18235575288671127,-0.011772198388115385,2.258961903819678,0.19966591007912096,-0.4031173821431925,0.3795729853669617,-0.04844440723820753,2.0222249808777786,0.1787411246329392,-0.3987770115187684,0.3018881970423533,-0.10862812738618288,2.3031992930873946,0.2035759798207699,-0.5076370478348918,0.29038079306252607,1,keep_top1,keep_top1,False,False,keep_control,2,65,2025-2025011223gm-00a9-0000-7704598d-09-s2-d11,0.3792
2024-2024093020gm-00a9-0000-4385d1bc-07-s1-d3,2024,2024093020gm-00a9-0000-4385d1bc,7,1,3,63,44,63,67,3,0.38223761320114136,0.3628547489643097,0.25401532649993896,0.0008121503051370382,0.019382864236831665,0.1282222867012024,0.3814254628960043,0.052039825723483535,1.0902128219604492,0.999919838970527,False,True,lt005,128,-2.5289606071673916,-2.9152238185924944,-2.9019089145294856,-2.708722320603556,2.428816100206719,2.149351543914118,2.053873904236137,2.6000500203884886,0.2146790418389045,0.18997763148193103,0.18153852067343276,0.22981412510511517,-0.3862632114251028,2.778406114869656,0.2455787255893129,-0.8675975135801561,0.09507109072995051,-0.37294830736209406,2.651552271057971,0.2343663239419602,-0.832306302288336,0.08640968756414791,-0.17976171343616443,2.739532932481453,0.24214278923018795,-0.6543615803273328,0.29483815345500397,1,keep_top1,keep_top1,False,False,keep_control,4,3,2024-2024091915gm-00a9-0000-7030187d-08-s1-d0,0.6376
2024-2024100216gm-00a9-0000-2cbf5f5f-01-s1-d6,2024,2024100216gm-00a9-0000-2cbf5f5f,1,1,6,161,161,0,-1,-1,0.9998656511306763,0.0001342774194199592,0.0,0.0,0.9997313737112563,0.9998656511306763,0.9998656511306763,8.915468246045357,0.0013315039686858654,0.9999999285500962,True,True,ge70,64,7.452843061543714,4.84870369618995,nan,nan,4.5355226332946,5.816445291228357,nan,nan,0.566940329161825,0.7270556614035446,nan,nan,-2.604139365353765,7.233897924309481,0.9042372405386851,-4.376444356809587,-0.8318343738979421,nan,nan,nan,nan,nan,nan,nan,nan,nan,nan,1,keep_top1,keep_top1,False,False,keep_control,2,0,2024-2024092905gm-00a9-0000-4f383722-00-s2-d10,0.7657
2025-2025010923gm-00a9-0000-65e0833f-08-s3-d2,2025,2025010923gm-00a9-0000-65e0833f,8,3,2,55,55,61,65,50,0.5277602076530457,0.41007179021835327,0.03629401698708534,0.019449478015303612,0.11768841743469238,0.4914661906659603,0.508310729637742,0.2523097859116513,0.9342193603515625,0.9935754928737879,True,True,05_20,64,-2.1800987494934816,-2.5553987766797945,-2.5413102178099507,-2.3499574412344373,2.435060844102453,2.2837364772619018,2.562765610053847,2.3677301930806873,0.3043826055128066,0.2854670596577377,0.3203457012567309,0.2959662741350859,-0.37530002718631295,1.9609578154593272,0.2451197269324159,-0.8557346919738481,0.10513463760122221,-0.3612114683164691,1.4950313357864569,0.1868789169733071,-0.727494145584151,0.0050712089512128244,-0.1698586917409557,2.101447371926129,0.2626809214907661,-0.6847132978628573,0.3449959143809459,1,keep_top1,keep_top1,False,False,keep_control,4,50,2024-2024092013gm-00a9-0000-9cd6d54a-08-s3-d12,0.1743
2025-2025011102gm-00a9-0000-034cfa13-01-s2-d3,2025,2025011102gm-00a9-0000-034cfa13,1,2,3,63,67,63,16,21,0.48527464270591736,0.33678725361824036,0.11971960216760635,0.047360002994537354,0.148487389087677,0.365555040538311,0.43791463971138,0.36526356818505934,1.1788899898529053,0.9891415014863014,False,True,05_20,64,-0.34421102970372885,-0.5796378152444959,-0.6406601564958692,-0.5880424334318377,1.4533489992587465,1.5539491516063997,1.8080401491496554,1.7226503378910412,0.1816686249073433,0.19424364395079996,0.22600501864370692,0.21533129223638015,-0.23542678554076701,1.6580977149103087,0.20726221436378858,-0.6416607256937926,0.1708071546122586,-0.2964491267921403,2.032732891244343,0.25409161140554287,-0.7944686851470043,0.2015704315627237,-0.24383140372810885,1.8979837512218674,0.23724796890273342,-0.7088374227774663,0.22117461532124866,1,keep_top1,keep_top1,False,False,keep_control,2,63,2024-2024092611gm-00a9-0000-4789b0e8-00-s3-d21,1.2277
2025-2025011200gm-00a9-0000-18c17918-01-s0-d4,2025,2025011200gm-00a9-0000-18c17918,1,0,4,60,60,67,11,1,0.7347393035888672,0.26006725430488586,0.004540934693068266,0.0005026111612096429,0.4746720492839813,0.7301983688957989,0.7342366924276575,1.0385754793315645,0.606563150882721,0.999850103748031,True,True,20_50,64,5.243265253557183,5.031315149186412,4.457168516310048,4.991967570353154,1.4017506708495135,1.329735450800395,1.6520380236086576,1.7819797367677304,0.1752188338561892,0.16621693135004936,0.2065047529510822,0.2227474670959663,-0.21195010437077144,1.4401759282213524,0.18002199102766905,-0.5647932067850028,0.1408929980434599,-0.786096737247135,1.651383411484968,0.206422926435621,-1.190685673060952,-0.3815078014333179,-0.25129768320402945,1.817797431043776,0.227224678880472,-0.6966580538097545,0.19406268740169563,1,keep_top1,keep_top1,False,False,keep_control,2,67,2025-2025041522gm-00a9-0000-b0bc1a7b-01-s1-d2,1.1297
2025-2025011200gm-00a9-0000-18c17918-10-s0-d3,2025,2025011200gm-00a9-0000-18c17918,10,0,3,50,41,50,1,59,0.34047916531562805,0.2948690354824066,0.17197877168655396,0.14418351650238037,0.045610129833221436,0.1685003936290741,0.19629564881324768,0.14382262496843667,1.458107590675354,0.951510488986969,False,True,lt005,128,5.100564313682753,4.938652302869542,4.144035529516653,4.800236255502966,3.6494236536435842,3.9589750461445896,3.761538260660093,3.472686813166217,0.32256652661424556,0.3499272627096455,0.33247615147567533,0.30694504931586664,-0.16191201081321083,3.128953129944442,0.2765629970248234,-0.7039754849818647,0.38015146335544303,-0.9565287841660997,4.580437777661002,0.40485732667339175,-1.7500491444459474,-0.1630084238862518,-0.3003280581797867,4.407281846697307,0.38955236005000443,-1.0638506838777952,0.46319456751822197,1,keep_top1,keep_top1,False,False,keep_control,2,50,2025-2025011102gm-00a9-0000-034cfa13-10-s1-d4,0.7833
2025-2025011210gm-00a9-0000-65465afe-00-s3-d2,2025,2025011210gm-00a9-0000-65465afe,0,3,2,47,67,47,2,29,0.3918352723121643,0.3541662096977234,0.23919782042503357,0.012265264987945557,0.03766906261444092,0.15263745188713074,0.37957000732421875,0.10107520591390629,1.148843765258789,0.9974645674228668,False,True,lt005,128,0.15243729919893667,-0.05096760712331161,0.007777973543852568,-0.4153924189740792,2.3711975286692444,2.194358680973568,2.126763657804521,1.9961841062650079,0.20958623150685068,0.1939557379589972,0.18798112555183535,0.17643941475459934,-0.20340490632224828,2.050474794306519,0.18123807896327884,-0.5586315410902748,0.15182172844577824,-0.1446593256550841,2.3550078396333305,0.20815525164402615,-0.5526436188773753,0.26332496756720714,-0.5678297181730159,2.467321095206736,0.21808243472316277,-0.9952712902304148,-0.14038814611561684,1,keep_top1,keep_top1,False,False,keep_control,3,2,2025-2025041222gm-00a9-0000-8add91ad-00-s3-d8,0.8903
2025-2025011221gm-00a9-0000-22bab0de-00-s1-d0,2025,2025011221gm-00a9-0000-22bab0de,0,1,0,65,65,19,53,11,0.46422064304351807,0.4393460154533386,0.05768328532576561,0.020021572709083557,0.024874627590179443,0.40653735771775246,0.4441990703344345,0.055072670286128056,1.048168420791626,0.9812715165317059,True,True,lt005,128,-0.45768493053037673,-0.6079808228532784,-0.6470546571363229,-0.759974778367905,1.796706527476445,1.7692052254656994,1.7496142431496629,1.635156290192585,0.15880792117259102,0.15637712652968383,0.15464551197396195,0.14452876263687686,-0.15029589232290164,1.5782675922364908,0.13950046462467344,-0.42371680298726155,0.12312501834145828,-0.1893697266059462,1.3926236984779534,0.12309170760435634,-0.43062947351048464,0.051890020298592215,-0.3022898478375282,1.7979366117234614,0.15891664628665303,-0.6137664745593682,0.009186778884311741,1,keep_top1,keep_top1,False,False,keep_control,2,19,2025-2025041619gm-00a9-0000-31ca159b-01-s2-d19,1.68
2025-2025040820gm-00a9-0000-57062ba3-01-s3-d4,2025,2025040820gm-00a9-0000-57062ba3,1,3,4,44,51,39,3,44,0.7255270481109619,0.21187350153923035,0.031619295477867126,0.022356366738677025,0.5136535465717316,0.6939077526330948,0.7031706813722849,1.2309089479283082,0.8064846992492676,0.9913762118667364,False,True,50_70,64,0.19550890621030703,-0.26585631107445806,-0.1939499870641157,-0.43818991200532764,2.5390967743921005,2.126368797831226,2.477224177727374,2.1413653478965027,0.31738709679901256,0.2657960997289032,0.3096530222159217,0.26767066848706283,-0.4613652172847651,2.5439188370112262,0.3179898546264033,-1.0846253323525155,0.16189489778298527,-0.38945889327442273,2.587983154298233,0.3234978942872791,-1.0235147660774897,0.24459697952864423,-0.6336988182156347,2.506984244643886,0.31337303058048577,-1.2479099581533868,-0.01948767827788256,1,keep_top1,keep_top1,False,False,keep_control,3,3,2024-2024122023gm-00a9-0000-df6602c9-02-s2-d15,0.6762
2025-2025040820gm-00a9-0000-57062ba3-01-s3-d4,2025,2025040820gm-00a9-0000-57062ba3,1,3,4,44,51,39,3,44,0.7255270481109619,0.21187350153923035,0.031619295477867126,0.022356366738677025,0.5136535465717316,0.6939077526330948,0.7031706813722849,1.2309089479283082,0.8064846992492676,0.9913762118667364,False,True,50_70,64,0.19550890621030703,-0.26585631107445806,-0.1939499870641157,-0.43818991200532764,2.5390967743921005,2.126368797831226,2.477224177727374,2.1413653478965027,0.31738709679901256,0.2657960997289032,0.3096530222159217,0.26767066848706283,-0.4613652172847651,2.5439188370112262,0.3179898546264033,-1.0846253323525155,0.16189489778298527,-0.38945889327442273,2.587983154298233,0.3234978942872791,-1.0235147660774897,0.24459697952864423,-0.6336988182156347,2.506984244643886,0.31337303058048577,-1.2479099581533868,-0.01948767827788256,1,keep_top1,keep_top1,False,False,keep_control,3,3,2024-2024122803gm-00a9-0000-f48082aa-02-s3-d11,0.7746
2025-2025040820gm-00a9-0000-57062ba3-08-s0-d7,2025,2025040820gm-00a9-0000-57062ba3,8,0,7,1,65,29,47,49,0.4553479850292206,0.2634986340999603,0.13991542160511017,0.0880439281463623,0.19184935092926025,0.3154325634241104,0.3673040568828583,0.5470137446141381,1.4310237169265747,0.9468059688806534,False,False,05_20,64,9.532749468907742,9.312199763906376,9.402080865757547,9.375359131392226,0.828656394365497,1.1350085066238549,1.008562499811515,1.1743006129678126,0.10358204929568712,0.14187606332798186,0.12607031247643938,0.14678757662097658,-0.220549705001365,0.845464363328835,0.10568304541610438,-0.42768847401692955,-0.013410935985800426,-0.13066860315019485,0.7180576730506468,0.08975720913133085,-0.3065927330476033,0.045255526747213615,-0.15739033751551565,0.9973044922259001,0.12466306152823751,-0.40172993811086116,0.08694926307982986,1,keep_top1,keep_top1,False,False,keep_control,3,47,2024-2024092922gm-00a9-0000-d78d568e-10-s0-d14,1.2711
2025-2025040821gm-00a9-0000-b7ac449d-02-s0-d0,2025,2025040821gm-00a9-0000-b7ac449d,2,0,0,21,21,39,27,57,0.46203482151031494,0.2800658941268921,0.13073019683361053,0.052989501506090164,0.18196892738342285,0.3313046246767044,0.4090453200042248,0.5006153478264088,1.4105489253997803,0.9258204139769077,True,True,05_20,64,-3.389408972579986,-3.7835641321726143,-3.8037060107890284,-3.838670507975621,2.1316388038884675,2.279089374138434,2.1034886751067674,2.4196885520842972,0.26645485048605844,0.28488617176730424,0.2629360843883459,0.30246106901053715,-0.3941551595926285,2.308934867885948,0.2886168584857435,-0.9598442022246857,0.17153388303942874,-0.4142970382090425,1.6548463677103602,0.20685579596379502,-0.8197343982980807,-0.008859678120004266,-0.4492615353956353,2.8531437117610023,0.3566429639701253,-1.1482817447770808,0.2497586739858103,1,keep_top1,keep_top1,False,False,keep_control,2,39,2025-2025041317gm-00a9-0000-009de259-01-s0-d22,1.3484
2025-2025040821gm-00a9-0000-b7ac449d-06-s3-d8,2025,2025040821gm-00a9-0000-b7ac449d,6,3,8,63,67,63,42,45,0.5539445877075195,0.3848936855792999,0.03821606934070587,0.022768307477235794,0.1690509021282196,0.5157285183668137,0.5311762802302837,0.36409750475486546,0.9073365926742554,0.9998226501047611,False,True,05_20,64,6.912128880246655,6.654431858929229,6.322285478504824,6.401918910903532,2.6848955798463643,2.675700079547262,2.6883556401564204,2.6527564535174246,0.33561194748079554,0.33446250994340776,0.33604445501955255,0.3315945566896781,-0.25769702131742633,1.8453001202662098,0.23066251503327623,-0.7097955507826477,0.19440150814779505,-0.589843401741831,2.52839723737251,0.31604965467156376,-1.209300724898096,0.029613921414433975,-0.5102099693431228,2.712000554491263,0.33900006931140786,-1.1746501051934821,0.15423016650723664,1,keep_top1,keep_top1,False,False,keep_control,2,63,2025-2025040815gm-00a9-0000-3be4a59c-09-s2-d16,1.0714
2025-2025041017gm-00a9-0000-5584369a-05-s1-d9,2025,2025041017gm-00a9-0000-5584369a,5,1,9,1,11,4,1,7,0.34563350677490234,0.2984660565853119,0.2544407546520233,0.09081325680017471,0.047167450189590454,0.09119275212287903,0.25482024997472763,0.14672277161921476,1.3515255451202393,0.9893535748124123,False,True,lt005,128,7.348468029344076,7.06007038907228,7.1852400587522425,6.933666803704909,1.5104681579355417,2.0904233559900662,1.4993561652278897,1.8515225474005559,0.13350778465532182,0.1847690663214145,0.1325256139808123,0.16365301859834047,-0.28839764027179626,2.3343840260007034,0.2063323468348314,-0.6928090400680658,0.11601375952447329,-0.16322797059183358,1.9061787112876394,0.16848398661311548,-0.4934565843535399,0.16700064316987273,-0.41480122563916666,1.9419171821520027,0.17164285100029414,-0.7512212135997431,-0.07838123767859018,1,keep_top1,keep_top1,False,False,keep_control,3,1,2025-2025122620gm-00a9-0000-0e700f01-04-s3-d11,1.4489
2025-2025041017gm-00a9-0000-5584369a-05-s1-d9,2025,2025041017gm-00a9-0000-5584369a,5,1,9,1,11,4,1,7,0.34563350677490234,0.2984660565853119,0.2544407546520233,0.09081325680017471,0.047167450189590454,0.09119275212287903,0.25482024997472763,0.14672277161921476,1.3515255451202393,0.9893535748124123,False,True,lt005,128,7.348468029344076,7.06007038907228,7.1852400587522425,6.933666803704909,1.5104681579355417,2.0904233559900662,1.4993561652278897,1.8515225474005559,0.13350778465532182,0.1847690663214145,0.1325256139808123,0.16365301859834047,-0.28839764027179626,2.3343840260007034,0.2063323468348314,-0.6928090400680658,0.11601375952447329,-0.16322797059183358,1.9061787112876394,0.16848398661311548,-0.4934565843535399,0.16700064316987273,-0.41480122563916666,1.9419171821520027,0.17164285100029414,-0.7512212135997431,-0.07838123767859018,1,keep_top1,keep_top1,False,False,keep_control,3,1,2025-2025123119gm-00a9-0000-4c392a7b-04-s3-d10,1.3765
2025-2025041216gm-00a9-0000-3d010e8a-05-s0-d2,2025,2025041216gm-00a9-0000-3d010e8a,5,0,2,39,39,29,45,35,0.41528579592704773,0.3789048492908478,0.19426143169403076,0.011125694029033184,0.03638094663619995,0.22102436423301697,0.40416010189801455,0.09168183181211487,1.104684591293335,0.9995777709409595,True,True,lt005,128,-3.0929651329715853,-3.4894620425693574,-3.6025310696059023,-3.3559314920366887,2.6275868596162724,2.4184445866616895,2.479603208269855,2.27556358185576,0.23224806082391636,0.2137623208940472,0.2191680304024417,0.20113330496891965,-0.3964969095977722,2.2665509646124,0.2003366946227923,-0.7891568310584451,-0.003836988137099262,-0.509565936634317,2.3334109616104715,0.20624633928122338,-0.9138087616255148,-0.10532311164311925,-0.26296635906510346,2.966335910825075,0.26218952972769805,-0.7768578373313916,0.25092511920118465,1,keep_top1,keep_top1,False,False,keep_control,4,35,2025-2025041216gm-00a9-0000-3d010e8a-05-s1-d12,0.8111
2025-2025041216gm-00a9-0000-3d010e8a-05-s0-d2,2025,2025041216gm-00a9-0000-3d010e8a,5,0,2,39,39,29,45,35,0.41528579592704773,0.3789048492908478,0.19426143169403076,0.011125694029033184,0.03638094663619995,0.22102436423301697,0.40416010189801455,0.09168183181211487,1.104684591293335,0.9995777709409595,True,True,lt005,128,-3.0929651329715853,-3.4894620425693574,-3.6025310696059023,-3.3559314920366887,2.6275868596162724,2.4184445866616895,2.479603208269855,2.27556358185576,0.23224806082391636,0.2137623208940472,0.2191680304024417,0.20113330496891965,-0.3964969095977722,2.2665509646124,0.2003366946227923,-0.7891568310584451,-0.003836988137099262,-0.509565936634317,2.3334109616104715,0.20624633928122338,-0.9138087616255148,-0.10532311164311925,-0.26296635906510346,2.966335910825075,0.26218952972769805,-0.7768578373313916,0.25092511920118465,1,keep_top1,keep_top1,False,False,keep_control,4,35,2025-2025041217gm-00a9-0000-a3087215-06-s0-d11,1.2127
2025-2025041216gm-00a9-0000-3d010e8a-10-s0-d10,2025,2025041216gm-00a9-0000-3d010e8a,10,0,10,22,43,22,11,71,0.5704107880592346,0.412767618894577,0.015831153839826584,0.000863873865455389,0.1576431691646576,0.554579634219408,0.5695469141937792,0.32347201357833577,0.7583401203155518,0.9998734346590936,False,True,05_20,64,-7.037434863284425,-7.106067371198272,-7.24818455324225,-7.656966290556198,1.5604790577573897,1.769114057791739,1.0847520518166822,1.4848663959066633,0.1950598822196737,0.22113925722396738,0.13559400647708528,0.1856082994883329,-0.06863250791384701,1.6926308925255373,0.21157886156569217,-0.48332707658260365,0.34606206075490964,-0.21074968995782584,1.814761828694672,0.226845228586834,-0.6553663379880205,0.2338669580723688,-0.6195314272717738,1.8529338775899566,0.23161673469874458,-1.0735002272813132,-0.16556262726223442,1,keep_top1,keep_top1,False,False,keep_control,2,22,2024-2024100200gm-00a9-0000-0aacab28-12-s0-d21,2.1968
2025-2025041221gm-00a9-0000-d8d9d627-08-s2-d2,2025,2025041221gm-00a9-0000-d8d9d627,8,2,2,0,0,139,94,-1,0.9999111890792847,6.150933768367395e-05,2.7302388843963854e-05,0.0,0.999849679741601,0.9998838866904407,0.9999111890792847,9.696232747557653,0.0009721294627524912,1.0000000008058123,True,True,ge70,64,-6.194354907809611,-6.360403142214182,-6.667999769087601,nan,1.6279162947837875,1.229112321904643,1.1538695005674378,nan,0.20348953684797344,0.15363904023808037,0.14423368757092972,nan,-0.1660482344045704,2.0963900447362906,0.26204875559203633,-0.6796637953649616,0.3475673265558208,-0.47364486127798955,2.0328558861845396,0.25410698577306745,-0.9716945533932018,0.02440483083722267,nan,nan,nan,nan,nan,1,keep_top1,keep_top1,False,False,keep_control,2,139,2025-2025123121gm-00a9-0000-60ebef25-12-s1-d11,1.3414
2025-2025041311gm-00a9-0000-5f819544-02-s3-d14,2025,2025041311gm-00a9-0000-5f819544,2,3,14,37,37,7,21,3,0.6239741444587708,0.21000142395496368,0.15624818205833435,0.005180475767701864,0.41397272050380707,0.4677259624004364,0.6187936686910689,1.0889946209163395,0.9670202136039734,0.9954042262397707,True,True,20_50,64,-1.2392025361768901,-1.3683141260407865,-1.4041020632721484,-1.6971687977202237,1.339261003158784,1.4675430581339395,1.0277619822502175,0.672325889583332,0.167407625394848,0.18344288226674244,0.1284702477812772,0.0840407361979165,-0.12911158986389637,1.1464688765689912,0.1433086095711239,-0.4099964646232992,0.15177328489550646,-0.16489952709525824,0.9631498649212714,0.12039373311515893,-0.40087124400096974,0.07107218981045327,-0.45796626154333353,1.376568470101481,0.17207105876268514,-0.7952255367181964,-0.12070698636847066,1,keep_top1,keep_top1,False,False,keep_control,2,7,2024-2024092013gm-00a9-0000-9cd6d54a-02-s3-d1,0.8853
2025-2025041314gm-00a9-0000-447ba93f-06-s3-d5,2025,2025041314gm-00a9-0000-447ba93f,6,3,5,60,60,67,37,27,0.46573346853256226,0.4121630787849426,0.06995676457881927,0.01906900480389595,0.05357038974761963,0.395776703953743,0.4466644637286663,0.12219442123164681,1.1413512229919434,0.9669223167002201,True,True,05_20,64,-2.5443808472919045,-2.828319549211301,-3.1831629646840156,-3.333933456604427,3.231447568724808,2.74506227979721,3.4919995014456684,3.0815779829310626,0.403930946090601,0.3431327849746513,0.43649993768070855,0.3851972478663828,-0.2839387019193964,2.6779348452334517,0.33474185565418146,-0.940032739001592,0.3721553351627992,-0.6387821173921111,4.333757373145683,0.5417196716432103,-1.7005526738128034,0.4229884390285812,-0.7895526093125227,4.343150785324626,0.5428938481655783,-1.8536245517170562,0.2745193330920108,1,keep_top1,keep_top1,False,False,keep_control,2,67,2025-2025122807gm-00a9-0000-c1328d8f-03-s2-d1,1.0177
2025-2025041520gm-00a9-0000-d292f784-08-s1-d0,2025,2025041520gm-00a9-0000-d292f784,8,1,0,133,133,0,-1,-1,0.6925234198570251,0.30747655034065247,0.0,0.0,0.3850468695163727,0.6925234198570251,0.6925234198570251,0.8119432314938431,0.6170667409896851,0.9999999701976776,True,True,20_50,64,-4.768935606446455,-5.0056162927383525,nan,nan,3.929184533189874,3.03266043020828,nan,nan,0.4911480666487342,0.379082553776035,nan,nan,-0.23668068629189776,4.883363737584193,0.6104204671980241,-1.433104802000025,0.9597434294162295,nan,nan,nan,nan,nan,nan,nan,nan,nan,nan,1,keep_top1,keep_top1,False,False,keep_control,2,0,2024-2024092000gm-00a9-0000-e0b6f7b7-07-s2-d15,1.5622
2025-2025041520gm-00a9-0000-d292f784-08-s1-d0,2025,2025041520gm-00a9-0000-d292f784,8,1,0,133,133,0,-1,-1,0.6925234198570251,0.30747655034065247,0.0,0.0,0.3850468695163727,0.6925234198570251,0.6925234198570251,0.8119432314938431,0.6170667409896851,0.9999999701976776,True,True,20_50,64,-4.768935606446455,-5.0056162927383525,nan,nan,3.929184533189874,3.03266043020828,nan,nan,0.4911480666487342,0.379082553776035,nan,nan,-0.23668068629189776,4.883363737584193,0.6104204671980241,-1.433104802000025,0.9597434294162295,nan,nan,nan,nan,nan,nan,nan,nan,nan,nan,1,keep_top1,keep_top1,False,False,keep_control,2,0,2025-2025011014gm-00a9-0000-9ea4d5cd-06-s0-d14,1.203
2025-2025041622gm-00a9-0000-82e8b63b-04-s1-d13,2025,2025041622gm-00a9-0000-82e8b63b,4,1,13,75,75,57,26,41,0.5790353417396545,0.420952171087265,8.248108315456193e-06,1.1315843266856973e-06,0.15808317065238953,0.5790270936313391,0.5790342101553279,0.31884429562439986,0.6807593703269958,0.9999968925195617,True,True,05_20,48,2.4278938523881757,1.238045386581992,0.8333784813404463,-0.4319440306474765,4.183775458953636,2.9357626082482633,3.9430207566618223,2.6943067505521694,0.6038759718639579,0.4237408330372432,0.5691260238197463,0.38888968192768025,-1.1898484658061836,3.788269333052646,0.5467895798001874,-2.2615560422145506,-0.11814088939781642,-1.5945153710477296,4.481800622212488,0.6468921989221531,-2.8624240809351496,-0.32660666116030956,-2.8598378830356523,4.739386532444277,0.6840715225750976,-4.200618067282844,-1.519057698788461,1,keep_top1,keep_top1,True,True,keep_control,2,57,2025-2025040921gm-00a9-0000-9f24706f-08-s0-d8,1.2999
2025-2025122620gm-00a9-0000-0e700f01-03-s2-d11,2025,2025122620gm-00a9-0000-0e700f01,3,2,11,37,49,37,43,30,0.489101380109787,0.4589676558971405,0.0245815496891737,0.020082535222172737,0.030133724212646484,0.4645198304206133,0.46901884488761425,0.06359004815205538,0.9216927289962769,0.9927331209182739,False,True,lt005,128,-3.7228124166103953,-4.341512039407462,-4.569048677065439,-4.173952634770103,2.938497519948763,2.5435928429782857,2.104288800608109,2.8416658608738077,0.2597289403569528,0.22482396848093936,0.18599461006061258,0.2511701500112722,-0.6186996227970667,2.581671698759671,0.22818969562379463,-1.065951426219704,-0.1714478193744292,-0.8462362604550435,2.9263138910703317,0.2586520495320279,-1.3531942775378183,-0.33927824337226886,-0.45114021815970773,2.839747495281087,0.25100058884634624,-0.9431013722985464,0.04082093597913089,1,keep_top1,keep_top1,False,True,keep_control,4,30,2025-2025041612gm-00a9-0000-17df09bd-03-s3-d0,0.8041
2024-2024091915gm-00a9-0000-7030187d-08-s1-d0,2024,2024091915gm-00a9-0000-7030187d,8,1,0,65,58,65,63,1,0.2869248390197754,0.2765195667743683,0.25314128398895264,0.08380559831857681,0.010405272245407104,0.033783555030822754,0.20311924070119858,0.03693871214373545,1.666811227798462,0.9003912881016731,False,True,lt005,128,9.68083637616823,9.741593894654503,9.712777662406422,9.819924953051366,0.8551977510984091,0.7734595897864364,0.8042755837899803,0.3346540566246257,0.07558951613214629,0.0683648151139693,0.07108858990508304,0.029579519098857462,0.060757518486270576,0.8561334795658195,0.07567222362522819,-0.08756003981917666,0.20907507679171783,0.03194128623819127,0.8033573172629743,0.07100742584406022,-0.10723326841616677,0.17111584089254933,0.13908857688313447,0.7551516986968522,0.06674661087163558,0.008265219574728727,0.26991193419154025,4,override_top4,override_top4,False,False,override,4,1,2024-2024091915gm-00a9-0000-7030187d-08-s1-d0,0.6376
2024-2024092000gm-00a9-0000-e0b6f7b7-05-s2-d5,2024,2024092000gm-00a9-0000-e0b6f7b7,5,2,5,35,16,35,11,33,0.5803561806678772,0.2604357600212097,0.11799588799476624,0.022830380126833916,0.3199204206466675,0.46236029267311096,0.5575258005410433,0.8012857914789075,1.0874016284942627,0.9816182088106871,False,True,20_50,64,4.3198081377031485,4.883498697390678,4.6819391529825225,4.671916013312966,2.5596090323074967,2.0891999592192514,2.1647182312514452,2.019537027846136,0.3199511290384371,0.2611499949024064,0.27058977890643066,0.252442128480767,0.5636905596875295,2.08790197086835,0.26098774635854377,0.05215457682478364,1.0752265425502752,0.36213101527937397,2.598495658743527,0.3248119573429409,-0.27450042111279016,0.9987624516715381,0.3521078756098177,2.604921915611736,0.325615239451467,-0.2860979937150575,0.9903137449346929,2,override_top2,override_top2,False,False,override,2,35,2024-2024092000gm-00a9-0000-e0b6f7b7-05-s2-d5,1.474
2024-2024092000gm-00a9-0000-e0b6f7b7-07-s2-d15,2024,2024092000gm-00a9-0000-e0b6f7b7,7,2,15,19,19,2,47,23,0.454108864068985,0.18092305958271027,0.177891805768013,0.12211097776889801,0.2731858044862747,0.276217058300972,0.331997886300087,0.920265102281725,1.5065703392028809,0.9350347071886063,True,True,20_50,48,3.836175948705204,4.36715199712368,3.257995892325804,3.257995892325804,1.5870943161782822,1.9913223656329464,0.7174460686801196,0.7174460686801196,0.22907733266871408,0.287422625960376,0.10355442022037646,0.10355442022037646,0.5309760484184759,1.8442721436830707,0.26619775465358725,0.00922844929744493,1.0527236475395068,-0.5781800563793998,1.5825956389155205,0.2284280045365509,-1.0258989452710396,-0.1304611674877601,-0.5781800563793998,1.5825956389155205,0.2284280045365509,-1.0258989452710396,-0.1304611674877601,2,override_top2,override_top2,True,True,override,2,2,2024-2024092000gm-00a9-0000-e0b6f7b7-07-s2-d15,1.5622
2024-2024092013gm-00a9-0000-9cd6d54a-02-s3-d1,2024,2024092013gm-00a9-0000-9cd6d54a,2,3,1,61,61,19,1,66,0.6753758788108826,0.2269178032875061,0.08579806238412857,0.01070889551192522,0.44845807552337646,0.589577816426754,0.6646669832989573,1.0906815415302233,0.8703711032867432,0.9988006399944425,True,True,20_50,64,-5.315768869331805,-5.228199664357817,-5.265051675931318,-4.966307496011723,1.2396461584421343,1.2849857621567111,1.293150655826022,0.9491085301675972,0.1549557698052668,0.1606232202695889,0.16164383197825274,0.11863856627094965,0.08756920497398823,1.1504155658486235,0.14380194573107793,-0.1942826086589245,0.36942101860690096,0.050717193400487304,1.0206068898201224,0.1275758612275153,-0.1993314946054427,0.3007658814064173,0.3494613733200822,1.379744723410626,0.17246809042632824,0.011423916084478847,0.6874988305556855,4,override_top4,override_top4,False,False,override,4,66,2024-2024092013gm-00a9-0000-9cd6d54a-02-s3-d1,0.8853
2024-2024092013gm-00a9-0000-9cd6d54a-08-s3-d12,2024,2024092013gm-00a9-0000-9cd6d54a,8,3,12,29,29,17,20,37,0.5497334599494934,0.4211747944355011,0.009774155914783478,0.009033110924065113,0.1285586655139923,0.5399593040347099,0.5407003490254283,0.2663856062891703,0.8367844223976135,0.9897155212238431,True,True,05_20,64,-6.27455836829904,-6.261449040430307,-6.120618392575125,-6.1828777047667245,0.48495105063455,0.5123168740586417,0.7422410477875615,0.5998547422482783,0.06061888132931875,0.06403960925733021,0.09278013097344519,0.07498184278103479,0.01310932786873309,0.2319810937277106,0.028997636715963827,-0.04372604009455601,0.06994469583202219,0.15393997572391527,0.5421165433973628,0.06776456792467035,0.021121422591561384,0.2867585288562692,0.09168066353231552,0.5747371847097198,0.07184214808871497,-0.049129946721565815,0.23249127378619686,3,override_top3,override_top3,False,False,override,3,20,2024-2024092013gm-00a9-0000-9cd6d54a-08-s3-d12,0.1743
2024-2024092213gm-00a9-0000-5f7264d2-07-s0-d11,2024,2024092213gm-00a9-0000-5f7264d2,7,0,11,37,65,63,37,67,0.3503905236721039,0.34319007396698,0.3063540458679199,3.701824971358292e-05,0.007200449705123901,0.04403647780418396,0.3503535054223903,0.020763869193836326,1.0976033210754395,0.9999716617567174,False,True,lt005,128,4.383843988072869,4.4286446430122055,4.930638372152444,4.276892011733764,1.7308501667516143,1.6029245331279147,3.1939778854655407,2.0343379339950616,0.1529869862659916,0.14167985088812865,0.2823104277215692,0.17981176854411737,0.04480065493933694,1.683180748718607,0.14877356517269716,-0.2467955327991495,0.3363968426778234,0.5467943840795755,2.975198900605118,0.26297291474957996,0.03136747117039873,1.0622212969887523,-0.10695197633910425,2.3431336304489743,0.20710570991459043,-0.5128791677717015,0.298975215093493,3,override_top3,override_top3,False,False,override,3,37,2024-2024092213gm-00a9-0000-5f7264d2-07-s0-d11,0.8878
2024-2024092611gm-00a9-0000-4789b0e8-00-s3-d21,2024,2024092611gm-00a9-0000-4789b0e8,0,3,21,3,29,3,39,37,0.3713192939758301,0.3056563138961792,0.10404032468795776,0.07468314468860626,0.06566298007965088,0.2672789692878723,0.2966361492872238,0.19460100960320692,1.5990321636199951,0.8556990772485733,False,True,05_20,32,-0.5070104394108057,-0.00824075099080801,-0.7013474255800247,-0.7069185394793749,0.8101611591728711,1.3206309326180186,0.5805312129289153,0.583337267685435,0.14321761237627276,0.23345677197472883,0.10262438933812187,0.10312043442480084,0.4987696884199977,1.1467797686358225,0.20272393773248254,0.10143077046433191,0.8961086063756635,-0.19433698616921902,0.520884562413596,0.0920802515745103,-0.37481427925525923,-0.013859693083178831,-0.19990810006856918,0.5390633169305562,0.09529383172262733,-0.3866840102449187,-0.01313218989221962,2,override_top2,override_top2,True,True,override,2,3,2024-2024092611gm-00a9-0000-4789b0e8-00-s3-d21,1.2277
2024-2024092905gm-00a9-0000-4f383722-00-s2-d10,2024,2024092905gm-00a9-0000-4f383722,0,2,10,25,25,3,67,21,0.9871130585670471,0.006349317729473114,0.002689430257305503,0.0011854402255266905,0.980763740837574,0.9844236283097416,0.9859276183415204,5.046437217605775,0.08860531449317932,0.9973372467793524,True,True,ge70,64,-0.5650335645768791,-0.5831818215083331,-0.16244853613898158,-0.35792477859649807,0.6631845660251334,0.6542129373678476,1.5291947706463296,1.0937150175524424,0.08289807075314168,0.08177661717098095,0.1911493463307912,0.1367143771940553,-0.018148256931453943,0.3860607231899531,0.04825759039874414,-0.11273313411299245,0.07643662025008456,0.40258502843789756,1.2841147073249402,0.16051433841561752,0.08797692514328725,0.7171931317325079,0.20710878598038107,1.154572508200261,0.14432156352503261,-0.07576147852868287,0.489979050489445,3,override_top3,uncertain,False,False,override,3,67,2024-2024092905gm-00a9-0000-4f383722-00-s2-d10,0.7657
2024-2024092922gm-00a9-0000-d78d568e-10-s0-d14,2024,2024092922gm-00a9-0000-d78d568e,10,0,14,75,51,75,53,38,0.5656940937042236,0.4236494302749634,0.008101759478449821,0.0006157730240374804,0.14204466342926025,0.5575923342257738,0.5650783206801862,0.28914716376677574,0.7449151277542114,0.9980610564816743,False,True,05_20,64,7.827444578647828,8.289487293058059,6.969777073762657,6.321386360586871,1.2197536059318426,2.2185940566568436,2.626388424597884,2.13673151610596,0.15246920074148032,0.27732425708210545,0.3282985530747355,0.267091439513245,0.4620427144102308,1.8820835301353969,0.2352604412669246,0.0009322495270586151,0.923153179293403,-0.8576675048851712,2.620124582788553,0.32751557284856914,-1.4995980276683667,-0.21573698210197567,-1.5060582180609572,2.0265242730336435,0.25331553412920543,-2.0025566649542,-1.0095597711677144,2,override_top2,override_top2,True,True,override,2,75,2024-2024092922gm-00a9-0000-d78d568e-10-s0-d14,1.2711
2024-2024100200gm-00a9-0000-0aacab28-12-s0-d21,2024,2024100200gm-00a9-0000-0aacab28,12,0,21,31,11,31,63,23,0.5215558409690857,0.434545636177063,0.025312017649412155,0.010700552724301815,0.0870102047920227,0.49624382331967354,0.5108552882447839,0.18251537564201215,0.8935874104499817,0.9921140475198627,False,True,05_20,64,-2.3427953726932174,-2.403426046788809,3.7102079687956575,-2.231746843579458,0.38567597924898755,0.45799638458797387,0.807805463461921,1.1164209375310945,0.048209497406123444,0.057249548073496734,0.10097568293274012,0.1395526171913868,-0.06063067409559153,0.28102762827814665,0.03512845353476833,-0.12948244302373746,0.008221094832554399,6.053003341488875,0.9345166975960193,0.11681458719950241,5.82404675057785,6.2819599323999,0.11104852911375929,1.2630619344521021,0.15788274180651277,-0.19840164482700573,0.4204987030545243,3,override_top3,override_top3,False,False,override,3,63,2024-2024100200gm-00a9-0000-0aacab28-12-s0-d21,2.1968
2024-2024122023gm-00a9-0000-df6602c9-02-s2-d15,2024,2024122023gm-00a9-0000-df6602c9,2,2,15,59,47,59,13,23,0.7497093677520752,0.2287604957818985,0.014241086319088936,0.004955020733177662,0.5209488719701767,0.7354682814329863,0.7447543470188975,1.187010035462599,0.6566956639289856,0.9976659705862403,False,True,50_70,64,0.6601817364571616,0.9121669888554607,0.9629589449905325,1.4192162061226554,1.3512368373818295,1.948261541587431,1.9733166702508902,1.8022245559505763,0.1689046046727287,0.24353269269842887,0.24666458378136127,0.22527806949382204,0.25198525239829905,1.6980619865880484,0.21225774832350605,-0.1640399343157728,0.6680104391123709,0.30277720853337087,1.7210841846613918,0.21513552308267397,-0.11888841670867012,0.7244428337754119,0.7590344696654938,1.7150335574512245,0.21437919468140307,0.3388512480899438,1.179217691241044,4,override_top4,uncertain,False,False,override,4,23,2024-2024122023gm-00a9-0000-df6602c9-02-s2-d15,0.6762
2024-2024122803gm-00a9-0000-f48082aa-02-s3-d11,2024,2024122803gm-00a9-0000-f48082aa,2,3,11,15,35,59,15,68,0.7408908009529114,0.13551166653633118,0.12322472780942917,0.00032255370751954615,0.6053791344165802,0.6176660731434822,0.7405682472453918,1.698795510788916,0.7542223930358887,0.9999497490061913,False,True,50_70,64,0.2581844232045114,0.2591481087729335,0.27278795931488276,0.5869550881907344,0.6269380887356912,0.5665192876426176,0.5303630179218525,1.3763143873482446,0.0783672610919614,0.0708149109553272,0.06629537724023156,0.17203929841853058,0.0009636855684220791,0.31045480116141183,0.03880685014517648,-0.07509774071612382,0.07702511185296798,0.014603536110371351,0.4761303545780161,0.059516294322252014,-0.1020484007612426,0.1312554729819853,0.328770664986223,1.2647510713158066,0.15809388391447582,0.018906652513850375,0.6386346774585956,4,override_top4,override_top4,False,False,override,4,68,2024-2024122803gm-00a9-0000-f48082aa-02-s3-d11,0.7746
2024-2024123104gm-00a9-0000-f69869df-01-s0-d12,2024,2024123104gm-00a9-0000-f69869df,1,0,12,8,8,75,21,67,0.7729358673095703,0.13883475959300995,0.061731427907943726,0.02354966290295124,0.6341011077165604,0.7112044394016266,0.7493862044066191,1.7169116331162604,0.752860426902771,0.9970517177134752,True,True,50_70,32,0.517093552974984,1.2448622251395136,-0.6698688159231097,-0.8838204955682158,1.6604789202218522,2.097514952801229,1.7237511812963686,1.4872553503331847,0.29353397612654697,0.3707917616914825,0.304719037343246,0.26291208589414233,0.7277686721645296,1.7442543099743504,0.3083435126741813,0.12341538732313417,1.332121957005925,-1.1869623688980937,1.9281267129039992,0.3408478684203363,-1.855024191001953,-0.5189005467942345,-1.4009140485432,2.178324948820668,0.38507708573473337,-2.155665136583277,-0.6461629605031225,2,override_top2,override_top2,True,True,override,2,75,2024-2024123104gm-00a9-0000-f69869df-01-s0-d12,0.9517
2025-2025011014gm-00a9-0000-9ea4d5cd-06-s0-d14,2025,2025011014gm-00a9-0000-9ea4d5cd,6,0,14,27,27,67,31,29,0.6122787594795227,0.20916292071342468,0.07521922886371613,0.036593206226825714,0.403115838766098,0.5370595306158066,0.575685553252697,1.074074194916509,1.2138216495513916,0.9332541152834892,True,True,20_50,64,-1.8633920430438593,-1.6002418918069452,-1.8446455334778875,-1.8467247702647,0.8972119500643827,1.1908540968133947,1.0068668319544227,0.8002507119369344,0.11215149375804784,0.14885676210167434,0.12585835399430284,0.1000313389921168,0.2631501512369141,0.8885253753478295,0.11106567191847869,0.04546143427669588,0.4808388681971323,0.018746509565971792,0.8712232806654252,0.10890291008317815,-0.19470319419705737,0.23219621332900095,0.016667272779159248,0.7236649068995321,0.09045811336244151,-0.1606306294112261,0.1939651749695446,2,override_top2,override_top2,False,False,override,2,67,2025-2025011014gm-00a9-0000-9ea4d5cd-06-s0-d14,1.203
2025-2025011023gm-00a9-0000-6d5806f0-05-s0-d13,2025,2025011023gm-00a9-0000-6d5806f0,5,0,13,49,23,49,30,21,0.7790130376815796,0.17753994464874268,0.0258081816136837,0.01670687273144722,0.6014730930328369,0.7532048560678959,0.7623061649501324,1.478832158291733,0.6716020107269287,0.9990680366754532,False,True,50_70,64,2.4956086807651445,2.175902421819046,2.2801407700171694,2.891924229566939,1.5177950497677473,1.543607352918657,1.6277646478974328,1.227334424861697,0.1897243812209684,0.19295091911483211,0.2034705809871791,0.15341680310771214,-0.3197062589460984,1.3501488239364914,0.16876860299206142,-0.6504927208105388,0.011080202918341997,-0.2154679107479751,1.1475989859607267,0.14344987324509084,-0.49662966230835315,0.06569384081240293,0.39631554880179465,1.5086058537197915,0.18857573171497394,0.026707114640445728,0.7659239829631436,4,override_top4,override_top4,False,True,override,4,21,2025-2025011023gm-00a9-0000-6d5806f0-05-s0-d13,1.2995
2025-2025011102gm-00a9-0000-034cfa13-10-s1-d4,2025,2025011102gm-00a9-0000-034cfa13,10,1,4,17,53,35,17,57,0.32631704211235046,0.30063101649284363,0.20243537425994873,0.15519031882286072,0.025686025619506836,0.12388166785240173,0.17112672328948975,0.08198577664920026,1.4181451797485352,0.9845737516880035,False,True,lt005,128,3.2169622838356515,3.576269653613859,3.2178627468433243,3.114997655250015,2.070368967055845,2.2547746528588104,2.1766539278204307,2.0282105290477914,0.18299649202042195,0.19929580588550105,0.19239084408227006,0.17927017734545606,0.35930736977820743,1.553567684403756,0.13731728058427226,0.09016549983303379,0.6284492397233811,0.0009004630076727693,1.8417249175186905,0.16278702228221262,-0.31816210066546396,0.3199630266808095,-0.1019646285856368,2.4379131122144164,0.2154831116988018,-0.5243115275152883,0.3203822703440147,2,override_top2,override_top2,False,False,override,2,35,2025-2025011102gm-00a9-0000-034cfa13-10-s1-d4,0.7833
2025-2025011223gm-00a9-0000-7704598d-09-s2-d11,2025,2025011223gm-00a9-0000-7704598d,9,2,11,19,15,19,35,33,0.38905778527259827,0.3437599241733551,0.16059137880802155,0.061462946236133575,0.045297861099243164,0.22846640646457672,0.3275948390364647,0.12378436195832465,1.404929280281067,0.9548720344901085,False,True,lt005,128,9.951065379910267,9.968891830495501,9.97459542706105,9.931461428359565,0.11228661588805636,0.07584726560640945,0.05995580735617979,0.2920626489138286,0.009924828441366721,0.006704014480593664,0.005299394744133627,0.025814934947284256,0.017826450585235645,0.12239405794384513,0.010818208543629014,-0.003377238160277223,0.03903013933074852,0.02353004715078312,0.1262126092309232,0.011155723982304204,0.0016648281454668817,0.04539526615609936,-0.019603951550702894,0.29184868035200656,0.025796022619656116,-0.07016415588522888,0.030956252783823093,3,override_top3,uncertain,False,False,override,3,35,2025-2025011223gm-00a9-0000-7704598d-09-s2-d11,0.3792
2025-2025040815gm-00a9-0000-3be4a59c-09-s2-d16,2025,2025040815gm-00a9-0000-3be4a59c,9,2,16,2,53,2,5,63,0.48482421040534973,0.4017888009548187,0.04516967386007309,0.04347217455506325,0.083035409450531,0.43965453654527664,0.4413520358502865,0.18785979265883523,1.1126295328140259,0.9752548597753048,False,True,05_20,64,1.8509894861363136,2.149662130708748,1.0558087453855478,1.971595884805538,1.7948252160031304,1.9073225103646223,1.4701217001682503,2.1583830528248518,0.2243531520003913,0.2384153137955778,0.18376521252103128,0.26979788160310647,0.29867264457243436,1.1600338960900785,0.1450042370112598,0.014464340030365175,0.5828809491145035,-0.7951807407507658,1.6489907252567428,0.20612384065709285,-1.1991834684386677,-0.39117801306286387,0.12060639866922429,2.219491172667487,0.2774363965834359,-0.42316893863431004,0.6643817359727586,2,override_top2,override_top2,False,False,override,2,2,2025-2025040815gm-00a9-0000-3be4a59c-09-s2-d16,1.0714
2025-2025040921gm-00a9-0000-9f24706f-08-s0-d8,2025,2025040921gm-00a9-0000-9f24706f,8,0,8,45,45,33,63,29,0.5659441947937012,0.4101872146129608,0.016555121168494225,0.00527199637144804,0.15575698018074036,0.549389073625207,0.5606721984222531,0.3218818010855268,0.7963493466377258,0.9979585269466043,True,True,05_20,64,-4.489252811103995,-4.018741305438823,-4.297551801688826,-4.217295435653568,1.9691982893905216,1.5994634876836005,1.4348102403367304,1.6097116913409864,0.2461497861738152,0.19993293596045006,0.1793512800420913,0.2012139614176233,0.4705115056651721,1.9095791338543535,0.2386973917317942,0.002664617870855479,0.9383583934594887,0.1917010094151692,2.5226022524817573,0.31532528156021966,-0.42633654244286134,0.8097385612731998,0.27195737545042675,2.3019877940589146,0.28774847425736433,-0.2920296340940073,0.8359443849948608,2,override_top2,override_top2,False,False,override,2,33,2025-2025040921gm-00a9-0000-9f24706f-08-s0-d8,1.2999
2025-2025041216gm-00a9-0000-3d010e8a-05-s1-d12,2025,2025041216gm-00a9-0000-3d010e8a,5,1,12,25,25,49,55,14,0.3285435438156128,0.2956233024597168,0.18892456591129303,0.18653322756290436,0.032920241355895996,0.13961897790431976,0.14201031625270844,0.10558336559085046,1.3574907779693604,0.999624639749527,True,True,lt005,128,1.651557005738141,1.6203458072559442,1.7962995376901745,1.7199419763783226,0.5336188182905707,0.4066995244416204,0.9499448890970409,0.6329208263547385,0.04716568562275182,0.03594749895475172,0.08396405910425254,0.0559428260337036,-0.031211198482196778,0.4540379821131827,0.04013166700856098,-0.1098692658189763,0.04744686885458274,0.14474253195203346,0.8143734965205299,0.07198112772603324,0.003659521609008315,0.28582554229505863,0.06838497064018156,0.6456693940195682,0.057069650864480695,-0.0434715450542006,0.18024148633456372,3,override_top3,override_top3,False,False,override,3,55,2025-2025041216gm-00a9-0000-3d010e8a-05-s1-d12,0.8111
2025-2025041217gm-00a9-0000-a3087215-06-s0-d11,2025,2025041217gm-00a9-0000-a3087215,6,0,11,51,51,15,1,3,0.28069832921028137,0.26641756296157837,0.2347295880317688,0.08919255435466766,0.014280766248703003,0.04596874117851257,0.1915057748556137,0.05221566759845353,1.637986660003662,0.8710380345582962,True,True,lt005,128,-0.6604698728060612,-0.7855927391719888,-0.1860881624452304,-0.7595236727865995,1.2801881942264117,0.8805321259458,1.786067682578712,0.9383732080666427,0.11315371916655709,0.07782877966361028,0.15786757125119366,0.08294125733846226,-0.12512286636592762,1.2414302688697787,0.10972797018600743,-0.3401896879305022,0.08994395519864692,0.47438171036083077,1.6705096625289952,0.14765358880148793,0.18498067630991444,0.7637827444117471,-0.09905379998053832,1.2920107860935124,0.11419869852661056,-0.322883249092695,0.12477564913161837,3,override_top3,override_top3,False,False,override,3,1,2025-2025041217gm-00a9-0000-a3087215-06-s0-d11,1.2127
2025-2025041222gm-00a9-0000-8add91ad-00-s3-d8,2025,2025041222gm-00a9-0000-8add91ad,0,3,8,13,19,26,13,47,0.3152857720851898,0.27374839782714844,0.14531521499156952,0.09627790749073029,0.04153737425804138,0.1699705570936203,0.21900786459445953,0.1412700120981567,1.7215763330459595,0.8306272923946381,False,True,lt005,128,0.18457068386487663,0.2764954377198592,0.6331061422242783,0.4170733531937003,1.596136813927192,1.6987500599181238,1.9635302868541775,1.9325844029220036,0.141079895603676,0.1501497108636449,0.17355319761246946,0.17081794206518797,0.09192475385498255,1.268413493315844,0.11211297280901884,-0.12781667285069437,0.3116661805606595,0.4485354583594017,2.0813636485400333,0.18396829374972892,0.08795760260993302,0.8091133141088703,0.23250266932882369,2.121552160577804,0.187520489923192,-0.13503749092063266,0.60004282957828,3,override_top3,override_top3,False,False,override,3,13,2025-2025041222gm-00a9-0000-8add91ad-00-s3-d8,0.8903
2025-2025041317gm-00a9-0000-009de259-01-s0-d22,2025,2025041317gm-00a9-0000-009de259,1,0,22,21,67,21,55,27,0.4238356351852417,0.36189746856689453,0.08951974660158157,0.05489703267812729,0.06193816661834717,0.3343158885836601,0.3689386025071144,0.15798479150634104,1.358780860900879,0.9301498830318451,False,True,05_20,64,-0.5595791027881205,-1.046570077072829,1.390729253180325,-0.9625293919816613,1.3661026965958072,0.6721130653930146,2.073623600008957,0.5775999458712644,0.1707628370744759,0.08401413317412683,0.25920295000111965,0.07219999323390805,-0.4869909742847085,1.328967341215809,0.16612091765197612,-0.8125879728825817,-0.16139397568683533,1.9503083559684455,2.1085217886497407,0.2635652235812176,1.4337205177492591,2.466896194187632,-0.4029502891935408,1.3280871608560094,0.16601089510700118,-0.7283316436032632,-0.07756893478381849,3,override_top3,override_top3,True,True,override,3,55,2025-2025041317gm-00a9-0000-009de259-01-s0-d22,1.3484
2025-2025041522gm-00a9-0000-b0bc1a7b-01-s1-d2,2025,2025041522gm-00a9-0000-b0bc1a7b,1,1,2,0,0,161,-1,-1,0.6713512539863586,0.32864877581596375,0.0,0.0,0.3427024781703949,0.6713512539863586,0.6713512539863586,0.7143028485589294,0.6332175731658936,1.0000000298023224,True,True,20_50,64,-2.386754419247154,-1.5284681937191635,nan,nan,1.8292427923685677,2.1108794427916595,nan,nan,0.22865534904607096,0.26385993034895744,nan,nan,0.8582862255279906,2.628898048437228,0.3286122560546535,0.21420620366086973,1.5023662473951114,nan,nan,nan,nan,nan,nan,nan,nan,nan,nan,2,override_top2,override_top2,False,False,override,2,161,2025-2025041522gm-00a9-0000-b0bc1a7b-01-s1-d2,1.1297
2025-2025041612gm-00a9-0000-17df09bd-03-s3-d0,2025,2025041612gm-00a9-0000-17df09bd,3,3,0,18,59,18,25,53,0.37146851420402527,0.3712952136993408,0.13986676931381226,0.1068577915430069,0.00017330050468444824,0.231601744890213,0.26461072266101837,0.00046663697032789386,1.3076342344284058,0.9894882887601852,False,True,lt005,128,6.094007162983871,6.140240200997141,6.383147054717199,6.628808658017306,2.0141119031274672,1.9376313509609477,2.001589065179283,1.8007802127036454,0.17802402309624685,0.17126403346301716,0.17691715014213916,0.15916798747866262,0.046233038013269834,1.312111227915321,0.11597534336624138,-0.18107863498456325,0.2735447110111029,0.28913989173332766,2.582755247901577,0.22828546874204347,-0.15829962700107753,0.7365794104677328,0.5348014950334345,2.373179939834001,0.20976145355406312,0.12366904606747087,0.9459339439993982,4,override_top4,override_top4,False,False,override,4,53,2025-2025041612gm-00a9-0000-17df09bd-03-s3-d0,0.8041
2025-2025041619gm-00a9-0000-31ca159b-01-s2-d19,2025,2025041619gm-00a9-0000-31ca159b,1,2,19,1,1,29,31,35,0.30827710032463074,0.2856866717338562,0.23073139786720276,0.06956307590007782,0.022590428590774536,0.07754570245742798,0.23871402442455292,0.07610339800156996,1.5976674556732178,0.8942582458257675,True,True,lt005,80,0.9044743893668056,-1.6962348517030477,-1.6195560999214649,1.4055905867367984,2.1237797284606557,0.7923284438544874,0.7418938430403459,1.869738675127831,0.23744579210370353,0.08858501304826297,0.08294625325633863,0.20904313888731127,-2.600709241069853,1.9950601992172847,0.22305451123270606,-3.037896083085957,-2.163522399053749,-2.5240304892882706,1.991820169707228,0.22269226492102645,-2.9605073285334824,-2.0875536500430587,0.5011161973699927,2.014433951507277,0.2252205625876893,0.05968389469812169,0.9425485000418636,4,override_top4,override_top4,True,True,override,4,35,2025-2025041619gm-00a9-0000-31ca159b-01-s2-d19,1.68
2025-2025122620gm-00a9-0000-0e700f01-04-s3-d11,2025,2025122620gm-00a9-0000-0e700f01,4,3,11,24,13,15,9,24,0.29391562938690186,0.26475292444229126,0.16062085330486298,0.12579888105392456,0.029162704944610596,0.13329477608203888,0.1681167483329773,0.104495720806429,1.7393091917037964,0.8450882881879807,False,True,lt005,128,1.5749554863359663,1.7228520600183401,1.5232458608734305,2.270277397808968,1.7949160388963479,1.6532115946048136,1.859890316221789,1.6413508722924157,0.15864966284551305,0.14612464116016113,0.1643926318579524,0.14507629151305276,0.14789657368237386,1.6441064757431745,0.14531985474883932,-0.13693034162535123,0.43272348899009894,-0.05170962546253577,1.963160714892654,0.17352053175745324,-0.3918098677071441,0.28839061678207256,0.6953219114730018,2.0564228633825534,0.1817638189606076,0.33906482631021095,1.0515789966357927,4,override_top4,override_top4,False,False,override,4,24,2025-2025122620gm-00a9-0000-0e700f01-04-s3-d11,1.4489
2025-2025122807gm-00a9-0000-c1328d8f-03-s2-d1,2025,2025122807gm-00a9-0000-c1328d8f,3,2,1,64,64,39,67,47,0.4958377480506897,0.42835572361946106,0.05634436383843422,0.006884987000375986,0.06748202443122864,0.4394933842122555,0.4889527610503137,0.14629477200711516,0.9737778902053833,0.987422822508961,True,True,05_20,64,-2.9982859180890955,-2.86797419260256,-2.9307548989891075,-2.529007116507273,1.3433833610981516,1.4941539065839637,1.1533173865917636,1.5563888265439458,0.16792292013726895,0.18676923832299547,0.14416467332397045,0.19454860331799323,0.13031172548653558,0.8359051683930049,0.10448814604912561,-0.07448504076975063,0.33510849174282176,0.06753101909998804,1.2006008902595429,0.15007511128244286,-0.22661619901359997,0.36167823721357606,0.46927880158182234,1.5102326415009575,0.18877908018761969,0.09927180441408778,0.8392857987495569,4,override_top4,override_top4,False,False,override,4,47,2025-2025122807gm-00a9-0000-c1328d8f-03-s2-d1,1.0177
2025-2025123119gm-00a9-0000-4c392a7b-04-s3-d10,2025,2025123119gm-00a9-0000-4c392a7b,4,3,10,10,25,53,10,35,0.35373222827911377,0.34751325845718384,0.15213070809841156,0.05462793633341789,0.006218969821929932,0.2016015201807022,0.2991042919456959,0.017737391504598632,1.5326669216156006,0.9080041311681271,False,True,lt005,128,-4.0986144878552295,-4.019709121261258,-4.108125827653566,-3.8951606797636487,0.7110841746332593,0.9738629167041832,0.7520660707619848,1.1332846105884493,0.06285155523470211,0.08607813404345473,0.06647387731701516,0.10016915414518103,0.07890536659397185,0.9105078052864705,0.08047828043016798,-0.07883206304915741,0.2366427962371011,-0.009511339798336849,0.5382192535488378,0.04757231049369312,-0.10275306836597536,0.08373038876930167,0.20345380809158087,0.9507449555915116,0.0840347756597076,0.03874564779855397,0.3681619683846078,4,override_top4,override_top4,False,False,override,4,35,2025-2025123119gm-00a9-0000-4c392a7b-04-s3-d10,1.3765
2025-2025123121gm-00a9-0000-60ebef25-12-s1-d11,2025,2025123121gm-00a9-0000-60ebef25,12,1,11,0,0,77,-1,-1,0.9999973773956299,2.5728986656758934e-06,0.0,0.0,0.9999948044969642,0.9999973773956299,0.9999973773956299,12.870474786557294,3.573703725123778e-05,0.9999999502942956,True,True,ge70,64,8.507377002090655,8.897207946512758,nan,nan,1.1107257626644909,0.485064871381054,nan,nan,0.13884072033306136,0.06063310892263175,nan,nan,0.3898309444221034,1.0374182611787863,0.1296772826473483,0.1356634704333008,0.643998418410906,nan,nan,nan,nan,nan,nan,nan,nan,nan,nan,2,override_top2,override_top2,False,False,override,2,77,2025-2025123121gm-00a9-0000-60ebef25-12-s1-d11,1.3414
